Code;Family ;Type;Dimensions 
;;;
Structural;Foundations;Footing-Rectangular;1800x1200x450mm
Structural;Foundations;Footing-Rectangular;1800x1200x450mm
Structural;Foundations;Footing-Rectangular;1800x1200x450mm
Structural;Foundations;Footing-Rectangular;1800x1200x450mm
Structural;Columns;Concrete-Rectangular-Column;600x750
Structural;Columns;Concrete-Rectangular-Column;600x751
Structural;Columns;Concrete-Rectangular-Column;600x752
Structural;Columns;Concrete-Rectangular-Column;600x753
Structural;Framing;Concrete-Rectangular;400x800mm
Structural;Framing;Concrete-Rectangular;400x800mm
Structural;Foundations;Slab ;150mm thickness
