Multi-Category Material Takeoff,,,,,,,,,,,,,,,,,,,,,,,,,,,,,,,,,,,,,,,,,,,,,,,,,,,,,,,,
Angle Size,Assembly Code,Assembly Description,Bolt Size,Category,Comments,Cost,Count,Description,Exchange Entity ID,Exchange ID,Export to IFC,Export to IFC As,Export Type to IFC,Export Type to IFC As,Family,Family and Type,IFC Predefined Type,IfcGUID,Image,Keynote,L,Level,Manufacturer,Mark,Material: Area,Material: As Paint,Material: Comments,Material: Cost,Material: Description,Material: Exchange Entity ID,Material: Exchange ID,Material: Export to IFC,Material: Export to IFC As,Material: IFC Predefined Type,Material: IfcGUID,Material: Image,Material: Keynote,Material: Manufacturer,Material: Mark,Material: Model,Material: Name,Material: Unit weight,Material: URL,Material: Volume,Model,Number Of Bolts,OmniClass Number,OmniClass Title,Type,Type Comments,Type IFC Predefined Type,Type IfcGUID,Type Image,Type Mark,URL,Weld A Size
,,,,,,,,,,,,,,,,,,,,,,,,,,,,,,,,,,,,,,,,,,,,,,,,,,,,,,,,
,,,,Structural Framing,,,1,,,,By Type,,Default,,Rectangular Hollow Sections,Rectangular Hollow Sections: RHS300x200x10,,06iLtezST41xWlSrfqTFl2,,,,,,,6 m²,No,,0.00,,,,By Type,,,3PY_uWB3H86ALa01ZT$9jt,,,,,,Metal - Steel 50-355,77.0 kN/m³,,0.03 m³,,,,,RHS300x200x10,,,06iLtezST41xWlSrfqTFlr,,,,
,,,,Structural Framing,,,1,,,,By Type,,Default,,Rectangular Hollow Sections,Rectangular Hollow Sections: RHS300x200x10,,06iLtezST41xWlSrfqTFkO,,,,,,,64 m²,No,,0.00,,,,By Type,,,3PY_uWB3H86ALa01ZT$9jt,,,,,,Metal - Steel 50-355,77.0 kN/m³,,0.32 m³,,,,,RHS300x200x10,,,06iLtezST41xWlSrfqTFlr,,,,
,,,,Structural Framing,,,1,,,,By Type,,Default,,Rectangular Hollow Sections,Rectangular Hollow Sections: RHS300x200x10,,06iLtezST41xWlSrfqTCGk,,,,,,,6 m²,No,,0.00,,,,By Type,,,3PY_uWB3H86ALa01ZT$9jt,,,,,,Metal - Steel 50-355,77.0 kN/m³,,0.03 m³,,,,,RHS300x200x10,,,06iLtezST41xWlSrfqTFlr,,,,
,,,,Structural Framing,,,1,,,,By Type,,Default,,Rectangular Hollow Sections,Rectangular Hollow Sections: RHS300x200x10,,06iLtezST41xWlSrfqTCG5,,,,,,,71 m²,No,,0.00,,,,By Type,,,3PY_uWB3H86ALa01ZT$9jt,,,,,,Metal - Steel 50-355,77.0 kN/m³,,0.35 m³,,,,,RHS300x200x10,,,06iLtezST41xWlSrfqTFlr,,,,
,,,,Structural Framing,,,1,,,,By Type,,Default,,Rectangular Hollow Sections,Rectangular Hollow Sections: RHS150x100x10,,06iLtezST41xWlSrfqTCJY,,,,,,,3 m²,No,,0.00,,,,By Type,,,3PY_uWB3H86ALa01ZT$9jt,,,,,,Metal - Steel 50-355,77.0 kN/m³,,0.01 m³,,,,,RHS150x100x10,,,06iLtezST41xWlSrfqTFlx,,,,
,,,,Structural Framing,,,1,,,,By Type,,Default,,Rectangular Hollow Sections,Rectangular Hollow Sections: RHS150x100x10,,06iLtezST41xWlSrfqTCJN,,,,,,,3 m²,No,,0.00,,,,By Type,,,3PY_uWB3H86ALa01ZT$9jt,,,,,,Metal - Steel 50-355,77.0 kN/m³,,0.01 m³,,,,,RHS150x100x10,,,06iLtezST41xWlSrfqTFlx,,,,
,,,,Structural Framing,,,1,,,,By Type,,Default,,Rectangular Hollow Sections,Rectangular Hollow Sections: RHS150x100x10,,06iLtezST41xWlSrfqTCJ8,,,,,,,3 m²,No,,0.00,,,,By Type,,,3PY_uWB3H86ALa01ZT$9jt,,,,,,Metal - Steel 50-355,77.0 kN/m³,,0.01 m³,,,,,RHS150x100x10,,,06iLtezST41xWlSrfqTFlx,,,,
,,,,Structural Framing,,,1,,,,By Type,,Default,,Rectangular Hollow Sections,Rectangular Hollow Sections: RHS150x100x10,,06iLtezST41xWlSrfqTCIz,,,,,,,3 m²,No,,0.00,,,,By Type,,,3PY_uWB3H86ALa01ZT$9jt,,,,,,Metal - Steel 50-355,77.0 kN/m³,,0.01 m³,,,,,RHS150x100x10,,,06iLtezST41xWlSrfqTFlx,,,,
,,,,Structural Framing,,,1,,,,By Type,,Default,,Rectangular Hollow Sections,Rectangular Hollow Sections: RHS150x100x10,,06iLtezST41xWlSrfqTCIs,,,,,,,3 m²,No,,0.00,,,,By Type,,,3PY_uWB3H86ALa01ZT$9jt,,,,,,Metal - Steel 50-355,77.0 kN/m³,,0.01 m³,,,,,RHS150x100x10,,,06iLtezST41xWlSrfqTFlx,,,,
,,,,Structural Framing,,,1,,,,By Type,,Default,,Rectangular Hollow Sections,Rectangular Hollow Sections: RHS150x100x10,,06iLtezST41xWlSrfqTCIh,,,,,,,3 m²,No,,0.00,,,,By Type,,,3PY_uWB3H86ALa01ZT$9jt,,,,,,Metal - Steel 50-355,77.0 kN/m³,,0.01 m³,,,,,RHS150x100x10,,,06iLtezST41xWlSrfqTFlx,,,,
,,,,Structural Framing,,,1,,,,By Type,,Default,,Rectangular Hollow Sections,Rectangular Hollow Sections: RHS150x100x10,,06iLtezST41xWlSrfqTCIS,,,,,,,3 m²,No,,0.00,,,,By Type,,,3PY_uWB3H86ALa01ZT$9jt,,,,,,Metal - Steel 50-355,77.0 kN/m³,,0.01 m³,,,,,RHS150x100x10,,,06iLtezST41xWlSrfqTFlx,,,,
,,,,Structural Framing,,,1,,,,By Type,,Default,,Rectangular Hollow Sections,Rectangular Hollow Sections: RHS150x100x10,,06iLtezST41xWlSrfqTCIH,,,,,,,3 m²,No,,0.00,,,,By Type,,,3PY_uWB3H86ALa01ZT$9jt,,,,,,Metal - Steel 50-355,77.0 kN/m³,,0.01 m³,,,,,RHS150x100x10,,,06iLtezST41xWlSrfqTFlx,,,,
,,,,Structural Framing,,,1,,,,By Type,,Default,,Rectangular Hollow Sections,Rectangular Hollow Sections: RHS150x100x10,,06iLtezST41xWlSrfqTCI3,,,,,,,3 m²,No,,0.00,,,,By Type,,,3PY_uWB3H86ALa01ZT$9jt,,,,,,Metal - Steel 50-355,77.0 kN/m³,,0.01 m³,,,,,RHS150x100x10,,,06iLtezST41xWlSrfqTFlx,,,,
,,,,Structural Framing,,,1,,,,By Type,,Default,,Rectangular Hollow Sections,Rectangular Hollow Sections: RHS150x100x10,,06iLtezST41xWlSrfqTCLq,,,,,,,3 m²,No,,0.00,,,,By Type,,,3PY_uWB3H86ALa01ZT$9jt,,,,,,Metal - Steel 50-355,77.0 kN/m³,,0.01 m³,,,,,RHS150x100x10,,,06iLtezST41xWlSrfqTFlx,,,,
,,,,Structural Framing,,,1,,,,By Type,,Default,,Rectangular Hollow Sections,Rectangular Hollow Sections: RHS150x100x10,,06iLtezST41xWlSrfqTCLf,,,,,,,3 m²,No,,0.00,,,,By Type,,,3PY_uWB3H86ALa01ZT$9jt,,,,,,Metal - Steel 50-355,77.0 kN/m³,,0.01 m³,,,,,RHS150x100x10,,,06iLtezST41xWlSrfqTFlx,,,,
,,,,Structural Framing,,,1,,,,By Type,,Default,,Rectangular Hollow Sections,Rectangular Hollow Sections: RHS150x100x10,,06iLtezST41xWlSrfqTCLY,,,,,,,3 m²,No,,0.00,,,,By Type,,,3PY_uWB3H86ALa01ZT$9jt,,,,,,Metal - Steel 50-355,77.0 kN/m³,,0.01 m³,,,,,RHS150x100x10,,,06iLtezST41xWlSrfqTFlx,,,,
,,,,Structural Framing,,,1,,,,By Type,,Default,,Rectangular Hollow Sections,Rectangular Hollow Sections: RHS150x100x10,,06iLtezST41xWlSrfqTCLN,,,,,,,3 m²,No,,0.00,,,,By Type,,,3PY_uWB3H86ALa01ZT$9jt,,,,,,Metal - Steel 50-355,77.0 kN/m³,,0.01 m³,,,,,RHS150x100x10,,,06iLtezST41xWlSrfqTFlx,,,,
,,,,Structural Framing,,,1,,,,By Type,,Default,,Rectangular Hollow Sections,Rectangular Hollow Sections: RHS150x100x10,,06iLtezST41xWlSrfqTCKr,,,,,,,3 m²,No,,0.00,,,,By Type,,,3PY_uWB3H86ALa01ZT$9jt,,,,,,Metal - Steel 50-355,77.0 kN/m³,,0.01 m³,,,,,RHS150x100x10,,,06iLtezST41xWlSrfqTFlx,,,,
,,,,Structural Framing,,,1,,,,By Type,,Default,,Rectangular Hollow Sections,Rectangular Hollow Sections: RHS150x100x10,,06iLtezST41xWlSrfqTCKl,,,,,,,3 m²,No,,0.00,,,,By Type,,,3PY_uWB3H86ALa01ZT$9jt,,,,,,Metal - Steel 50-355,77.0 kN/m³,,0.01 m³,,,,,RHS150x100x10,,,06iLtezST41xWlSrfqTFlx,,,,
,,,,Structural Framing,,,1,,,,By Type,,Default,,Rectangular Hollow Sections,Rectangular Hollow Sections: RHS150x100x10,,06iLtezST41xWlSrfqTCKW,,,,,,,3 m²,No,,0.00,,,,By Type,,,3PY_uWB3H86ALa01ZT$9jt,,,,,,Metal - Steel 50-355,77.0 kN/m³,,0.01 m³,,,,,RHS150x100x10,,,06iLtezST41xWlSrfqTFlx,,,,
,,,,Structural Framing,,,1,,,,By Type,,Default,,Rectangular Hollow Sections,Rectangular Hollow Sections: RHS150x100x10,,06iLtezST41xWlSrfqTCNu,,,,,,,3 m²,No,,0.00,,,,By Type,,,3PY_uWB3H86ALa01ZT$9jt,,,,,,Metal - Steel 50-355,77.0 kN/m³,,0.01 m³,,,,,RHS150x100x10,,,06iLtezST41xWlSrfqTFlx,,,,
,,,,Structural Framing,,,1,,,,By Type,,Default,,Rectangular Hollow Sections,Rectangular Hollow Sections: RHS150x100x10,,06iLtezST41xWlSrfqTCNj,,,,,,,3 m²,No,,0.00,,,,By Type,,,3PY_uWB3H86ALa01ZT$9jt,,,,,,Metal - Steel 50-355,77.0 kN/m³,,0.01 m³,,,,,RHS150x100x10,,,06iLtezST41xWlSrfqTFlx,,,,
,,,,Structural Framing,,,1,,,,By Type,,Default,,Rectangular Hollow Sections,Rectangular Hollow Sections: RHS150x100x10,,06iLtezST41xWlSrfqTCMd,,,,,,,3 m²,No,,0.00,,,,By Type,,,3PY_uWB3H86ALa01ZT$9jt,,,,,,Metal - Steel 50-355,77.0 kN/m³,,0.01 m³,,,,,RHS150x100x10,,,06iLtezST41xWlSrfqTFlx,,,,
,,,,Structural Framing,,,1,,,,By Type,,Default,,Rectangular Hollow Sections,Rectangular Hollow Sections: RHS150x100x10,,06iLtezST41xWlSrfqTCMH,,,,,,,3 m²,No,,0.00,,,,By Type,,,3PY_uWB3H86ALa01ZT$9jt,,,,,,Metal - Steel 50-355,77.0 kN/m³,,0.01 m³,,,,,RHS150x100x10,,,06iLtezST41xWlSrfqTFlx,,,,
,,,,Structural Framing,,,1,,,,By Type,,Default,,Rectangular Hollow Sections,Rectangular Hollow Sections: RHS300x200x10,,06iLtezST41xWlSrfqTC3V,,,,,,,6 m²,No,,0.00,,,,By Type,,,3PY_uWB3H86ALa01ZT$9jt,,,,,,Metal - Steel 50-355,77.0 kN/m³,,0.03 m³,,,,,RHS300x200x10,,,06iLtezST41xWlSrfqTFlr,,,,
,,,,Structural Framing,,,1,,,,By Type,,Default,,Rectangular Hollow Sections,Rectangular Hollow Sections: RHS300x200x10,,06iLtezST41xWlSrfqTC3U,,,,,,,64 m²,No,,0.00,,,,By Type,,,3PY_uWB3H86ALa01ZT$9jt,,,,,,Metal - Steel 50-355,77.0 kN/m³,,0.32 m³,,,,,RHS300x200x10,,,06iLtezST41xWlSrfqTFlr,,,,
,,,,Structural Framing,,,1,,,,By Type,,Default,,Rectangular Hollow Sections,Rectangular Hollow Sections: RHS300x200x10,,06iLtezST41xWlSrfqTC3P,,,,,,,6 m²,No,,0.00,,,,By Type,,,3PY_uWB3H86ALa01ZT$9jt,,,,,,Metal - Steel 50-355,77.0 kN/m³,,0.03 m³,,,,,RHS300x200x10,,,06iLtezST41xWlSrfqTFlr,,,,
,,,,Structural Framing,,,1,,,,By Type,,Default,,Rectangular Hollow Sections,Rectangular Hollow Sections: RHS300x200x10,,06iLtezST41xWlSrfqTC3O,,,,,,,71 m²,No,,0.00,,,,By Type,,,3PY_uWB3H86ALa01ZT$9jt,,,,,,Metal - Steel 50-355,77.0 kN/m³,,0.35 m³,,,,,RHS300x200x10,,,06iLtezST41xWlSrfqTFlr,,,,
,,,,Structural Framing,,,1,,,,By Type,,Default,,Rectangular Hollow Sections,Rectangular Hollow Sections: RHS150x100x10,,06iLtezST41xWlSrfqTC3R,,,,,,,3 m²,No,,0.00,,,,By Type,,,3PY_uWB3H86ALa01ZT$9jt,,,,,,Metal - Steel 50-355,77.0 kN/m³,,0.01 m³,,,,,RHS150x100x10,,,06iLtezST41xWlSrfqTFlx,,,,
,,,,Structural Framing,,,1,,,,By Type,,Default,,Rectangular Hollow Sections,Rectangular Hollow Sections: RHS150x100x10,,06iLtezST41xWlSrfqTC3Q,,,,,,,3 m²,No,,0.00,,,,By Type,,,3PY_uWB3H86ALa01ZT$9jt,,,,,,Metal - Steel 50-355,77.0 kN/m³,,0.01 m³,,,,,RHS150x100x10,,,06iLtezST41xWlSrfqTFlx,,,,
,,,,Structural Framing,,,1,,,,By Type,,Default,,Rectangular Hollow Sections,Rectangular Hollow Sections: RHS150x100x10,,06iLtezST41xWlSrfqTC3L,,,,,,,3 m²,No,,0.00,,,,By Type,,,3PY_uWB3H86ALa01ZT$9jt,,,,,,Metal - Steel 50-355,77.0 kN/m³,,0.01 m³,,,,,RHS150x100x10,,,06iLtezST41xWlSrfqTFlx,,,,
,,,,Structural Framing,,,1,,,,By Type,,Default,,Rectangular Hollow Sections,Rectangular Hollow Sections: RHS150x100x10,,06iLtezST41xWlSrfqTC3K,,,,,,,3 m²,No,,0.00,,,,By Type,,,3PY_uWB3H86ALa01ZT$9jt,,,,,,Metal - Steel 50-355,77.0 kN/m³,,0.01 m³,,,,,RHS150x100x10,,,06iLtezST41xWlSrfqTFlx,,,,
,,,,Structural Framing,,,1,,,,By Type,,Default,,Rectangular Hollow Sections,Rectangular Hollow Sections: RHS150x100x10,,06iLtezST41xWlSrfqTC3N,,,,,,,3 m²,No,,0.00,,,,By Type,,,3PY_uWB3H86ALa01ZT$9jt,,,,,,Metal - Steel 50-355,77.0 kN/m³,,0.01 m³,,,,,RHS150x100x10,,,06iLtezST41xWlSrfqTFlx,,,,
,,,,Structural Framing,,,1,,,,By Type,,Default,,Rectangular Hollow Sections,Rectangular Hollow Sections: RHS150x100x10,,06iLtezST41xWlSrfqTC3M,,,,,,,3 m²,No,,0.00,,,,By Type,,,3PY_uWB3H86ALa01ZT$9jt,,,,,,Metal - Steel 50-355,77.0 kN/m³,,0.01 m³,,,,,RHS150x100x10,,,06iLtezST41xWlSrfqTFlx,,,,
,,,,Structural Framing,,,1,,,,By Type,,Default,,Rectangular Hollow Sections,Rectangular Hollow Sections: RHS150x100x10,,06iLtezST41xWlSrfqTC3H,,,,,,,3 m²,No,,0.00,,,,By Type,,,3PY_uWB3H86ALa01ZT$9jt,,,,,,Metal - Steel 50-355,77.0 kN/m³,,0.01 m³,,,,,RHS150x100x10,,,06iLtezST41xWlSrfqTFlx,,,,
,,,,Structural Framing,,,1,,,,By Type,,Default,,Rectangular Hollow Sections,Rectangular Hollow Sections: RHS150x100x10,,06iLtezST41xWlSrfqTC3G,,,,,,,3 m²,No,,0.00,,,,By Type,,,3PY_uWB3H86ALa01ZT$9jt,,,,,,Metal - Steel 50-355,77.0 kN/m³,,0.01 m³,,,,,RHS150x100x10,,,06iLtezST41xWlSrfqTFlx,,,,
,,,,Structural Framing,,,1,,,,By Type,,Default,,Rectangular Hollow Sections,Rectangular Hollow Sections: RHS150x100x10,,06iLtezST41xWlSrfqTC3J,,,,,,,3 m²,No,,0.00,,,,By Type,,,3PY_uWB3H86ALa01ZT$9jt,,,,,,Metal - Steel 50-355,77.0 kN/m³,,0.01 m³,,,,,RHS150x100x10,,,06iLtezST41xWlSrfqTFlx,,,,
,,,,Structural Framing,,,1,,,,By Type,,Default,,Rectangular Hollow Sections,Rectangular Hollow Sections: RHS150x100x10,,06iLtezST41xWlSrfqTC3I,,,,,,,3 m²,No,,0.00,,,,By Type,,,3PY_uWB3H86ALa01ZT$9jt,,,,,,Metal - Steel 50-355,77.0 kN/m³,,0.01 m³,,,,,RHS150x100x10,,,06iLtezST41xWlSrfqTFlx,,,,
,,,,Structural Framing,,,1,,,,By Type,,Default,,Rectangular Hollow Sections,Rectangular Hollow Sections: RHS150x100x10,,06iLtezST41xWlSrfqTC3D,,,,,,,3 m²,No,,0.00,,,,By Type,,,3PY_uWB3H86ALa01ZT$9jt,,,,,,Metal - Steel 50-355,77.0 kN/m³,,0.01 m³,,,,,RHS150x100x10,,,06iLtezST41xWlSrfqTFlx,,,,
,,,,Structural Framing,,,1,,,,By Type,,Default,,Rectangular Hollow Sections,Rectangular Hollow Sections: RHS150x100x10,,06iLtezST41xWlSrfqTC3C,,,,,,,3 m²,No,,0.00,,,,By Type,,,3PY_uWB3H86ALa01ZT$9jt,,,,,,Metal - Steel 50-355,77.0 kN/m³,,0.01 m³,,,,,RHS150x100x10,,,06iLtezST41xWlSrfqTFlx,,,,
,,,,Structural Framing,,,1,,,,By Type,,Default,,Rectangular Hollow Sections,Rectangular Hollow Sections: RHS150x100x10,,06iLtezST41xWlSrfqTC3F,,,,,,,3 m²,No,,0.00,,,,By Type,,,3PY_uWB3H86ALa01ZT$9jt,,,,,,Metal - Steel 50-355,77.0 kN/m³,,0.01 m³,,,,,RHS150x100x10,,,06iLtezST41xWlSrfqTFlx,,,,
,,,,Structural Framing,,,1,,,,By Type,,Default,,Rectangular Hollow Sections,Rectangular Hollow Sections: RHS150x100x10,,06iLtezST41xWlSrfqTC3E,,,,,,,3 m²,No,,0.00,,,,By Type,,,3PY_uWB3H86ALa01ZT$9jt,,,,,,Metal - Steel 50-355,77.0 kN/m³,,0.01 m³,,,,,RHS150x100x10,,,06iLtezST41xWlSrfqTFlx,,,,
,,,,Structural Framing,,,1,,,,By Type,,Default,,Rectangular Hollow Sections,Rectangular Hollow Sections: RHS150x100x10,,06iLtezST41xWlSrfqTC39,,,,,,,3 m²,No,,0.00,,,,By Type,,,3PY_uWB3H86ALa01ZT$9jt,,,,,,Metal - Steel 50-355,77.0 kN/m³,,0.01 m³,,,,,RHS150x100x10,,,06iLtezST41xWlSrfqTFlx,,,,
,,,,Structural Framing,,,1,,,,By Type,,Default,,Rectangular Hollow Sections,Rectangular Hollow Sections: RHS150x100x10,,06iLtezST41xWlSrfqTC38,,,,,,,3 m²,No,,0.00,,,,By Type,,,3PY_uWB3H86ALa01ZT$9jt,,,,,,Metal - Steel 50-355,77.0 kN/m³,,0.01 m³,,,,,RHS150x100x10,,,06iLtezST41xWlSrfqTFlx,,,,
,,,,Structural Framing,,,1,,,,By Type,,Default,,Rectangular Hollow Sections,Rectangular Hollow Sections: RHS150x100x10,,06iLtezST41xWlSrfqTC3B,,,,,,,3 m²,No,,0.00,,,,By Type,,,3PY_uWB3H86ALa01ZT$9jt,,,,,,Metal - Steel 50-355,77.0 kN/m³,,0.01 m³,,,,,RHS150x100x10,,,06iLtezST41xWlSrfqTFlx,,,,
,,,,Structural Framing,,,1,,,,By Type,,Default,,Rectangular Hollow Sections,Rectangular Hollow Sections: RHS150x100x10,,06iLtezST41xWlSrfqTC3A,,,,,,,3 m²,No,,0.00,,,,By Type,,,3PY_uWB3H86ALa01ZT$9jt,,,,,,Metal - Steel 50-355,77.0 kN/m³,,0.01 m³,,,,,RHS150x100x10,,,06iLtezST41xWlSrfqTFlx,,,,
,,,,Structural Framing,,,1,,,,By Type,,Default,,Rectangular Hollow Sections,Rectangular Hollow Sections: RHS150x100x10,,06iLtezST41xWlSrfqTC35,,,,,,,3 m²,No,,0.00,,,,By Type,,,3PY_uWB3H86ALa01ZT$9jt,,,,,,Metal - Steel 50-355,77.0 kN/m³,,0.01 m³,,,,,RHS150x100x10,,,06iLtezST41xWlSrfqTFlx,,,,
,,,,Structural Framing,,,1,,,,By Type,,Default,,Rectangular Hollow Sections,Rectangular Hollow Sections: RHS150x100x10,,06iLtezST41xWlSrfqTC34,,,,,,,3 m²,No,,0.00,,,,By Type,,,3PY_uWB3H86ALa01ZT$9jt,,,,,,Metal - Steel 50-355,77.0 kN/m³,,0.01 m³,,,,,RHS150x100x10,,,06iLtezST41xWlSrfqTFlx,,,,
,,,,Structural Framing,,,1,,,,By Type,,Default,,Rectangular Hollow Sections,Rectangular Hollow Sections: RHS150x100x10,,06iLtezST41xWlSrfqTC53,,,,,,,3 m²,No,,0.00,,,,By Type,,,3PY_uWB3H86ALa01ZT$9jt,,,,,,Metal - Steel 50-355,77.0 kN/m³,,0.01 m³,,,,,RHS150x100x10,,,06iLtezST41xWlSrfqTFlx,,,,
,,,,Structural Framing,,,1,,,,By Type,,Default,,Rectangular Hollow Sections,Rectangular Hollow Sections: RHS150x100x10,,06iLtezST41xWlSrfqTC98,,,,,,,3 m²,No,,0.00,,,,By Type,,,3PY_uWB3H86ALa01ZT$9jt,,,,,,Metal - Steel 50-355,77.0 kN/m³,,0.01 m³,,,,,RHS150x100x10,,,06iLtezST41xWlSrfqTFlx,,,,
,,,,Structural Framing,,,1,,,,By Type,,Default,,Rectangular Hollow Sections,Rectangular Hollow Sections: RHS150x100x10,,06iLtezST41xWlSrfqTC8u,,,,,,,3 m²,No,,0.00,,,,By Type,,,3PY_uWB3H86ALa01ZT$9jt,,,,,,Metal - Steel 50-355,77.0 kN/m³,,0.01 m³,,,,,RHS150x100x10,,,06iLtezST41xWlSrfqTFlx,,,,
,,,,Structural Framing,,,1,,,,By Type,,Default,,Rectangular Hollow Sections,Rectangular Hollow Sections: RHS150x100x10,,06iLtezST41xWlSrfqTC8e,,,,,,,3 m²,No,,0.00,,,,By Type,,,3PY_uWB3H86ALa01ZT$9jt,,,,,,Metal - Steel 50-355,77.0 kN/m³,,0.01 m³,,,,,RHS150x100x10,,,06iLtezST41xWlSrfqTFlx,,,,
,,,,Structural Framing,,,1,,,,By Type,,Default,,Rectangular Hollow Sections,Rectangular Hollow Sections: RHS150x100x10,,06iLtezST41xWlSrfqTC8O,,,,,,,3 m²,No,,0.00,,,,By Type,,,3PY_uWB3H86ALa01ZT$9jt,,,,,,Metal - Steel 50-355,77.0 kN/m³,,0.01 m³,,,,,RHS150x100x10,,,06iLtezST41xWlSrfqTFlx,,,,
,,,,Structural Framing,,,1,,,,By Type,,Default,,Rectangular Hollow Sections,Rectangular Hollow Sections: RHS150x100x10,,06iLtezST41xWlSrfqTC88,,,,,,,3 m²,No,,0.00,,,,By Type,,,3PY_uWB3H86ALa01ZT$9jt,,,,,,Metal - Steel 50-355,77.0 kN/m³,,0.01 m³,,,,,RHS150x100x10,,,06iLtezST41xWlSrfqTFlx,,,,
,,,,Structural Framing,,,1,,,,By Type,,Default,,Rectangular Hollow Sections,Rectangular Hollow Sections: RHS150x100x10,,06iLtezST41xWlSrfqTCBu,,,,,,,3 m²,No,,0.00,,,,By Type,,,3PY_uWB3H86ALa01ZT$9jt,,,,,,Metal - Steel 50-355,77.0 kN/m³,,0.01 m³,,,,,RHS150x100x10,,,06iLtezST41xWlSrfqTFlx,,,,
,,,,Structural Framing,,,1,,,,By Type,,Default,,Rectangular Hollow Sections,Rectangular Hollow Sections: RHS150x100x10,,06iLtezST41xWlSrfqTCBe,,,,,,,3 m²,No,,0.00,,,,By Type,,,3PY_uWB3H86ALa01ZT$9jt,,,,,,Metal - Steel 50-355,77.0 kN/m³,,0.01 m³,,,,,RHS150x100x10,,,06iLtezST41xWlSrfqTFlx,,,,
,,,,Structural Framing,,,1,,,,By Type,,Default,,Rectangular Hollow Sections,Rectangular Hollow Sections: RHS150x100x10,,06iLtezST41xWlSrfqTCBO,,,,,,,3 m²,No,,0.00,,,,By Type,,,3PY_uWB3H86ALa01ZT$9jt,,,,,,Metal - Steel 50-355,77.0 kN/m³,,0.01 m³,,,,,RHS150x100x10,,,06iLtezST41xWlSrfqTFlx,,,,
,,,,Structural Framing,,,1,,,,By Type,,Default,,Rectangular Hollow Sections,Rectangular Hollow Sections: RHS300x200x10,,06iLtezST41xWlSrfqTCDm,,,,,,,6 m²,No,,0.00,,,,By Type,,,3PY_uWB3H86ALa01ZT$9jt,,,,,,Metal - Steel 50-355,77.0 kN/m³,,0.03 m³,,,,,RHS300x200x10,,,06iLtezST41xWlSrfqTFlr,,,,
,,,,Structural Framing,,,1,,,,By Type,,Default,,Rectangular Hollow Sections,Rectangular Hollow Sections: RHS300x200x10,,06iLtezST41xWlSrfqTCrD,,,,,,,6 m²,No,,0.00,,,,By Type,,,3PY_uWB3H86ALa01ZT$9jt,,,,,,Metal - Steel 50-355,77.0 kN/m³,,0.03 m³,,,,,RHS300x200x10,,,06iLtezST41xWlSrfqTFlr,,,,
,,,,Structural Framing,,,1,,,,By Type,,Default,,Rectangular Hollow Sections,Rectangular Hollow Sections: RHS150x100x10,,06iLtezST41xWlSrfqTCsJ,,,,,,,4 m²,No,,0.00,,,,By Type,,,3PY_uWB3H86ALa01ZT$9jt,,,,,,Metal - Steel 50-355,77.0 kN/m³,,0.02 m³,,,,,RHS150x100x10,,,06iLtezST41xWlSrfqTFlx,,,,
,,,,Structural Framing,,,1,,,,By Type,,Default,,Rectangular Hollow Sections,Rectangular Hollow Sections: RHS150x100x10,,06iLtezST41xWlSrfqTCvA,,,,,,,4 m²,No,,0.00,,,,By Type,,,3PY_uWB3H86ALa01ZT$9jt,,,,,,Metal - Steel 50-355,77.0 kN/m³,,0.02 m³,,,,,RHS150x100x10,,,06iLtezST41xWlSrfqTFlx,,,,
,,,,Structural Framing,,,1,,,,By Type,,Default,,Rectangular Hollow Sections,Rectangular Hollow Sections: RHS150x100x10,,06iLtezST41xWlSrfqTCu9,,,,,,,4 m²,No,,0.00,,,,By Type,,,3PY_uWB3H86ALa01ZT$9jt,,,,,,Metal - Steel 50-355,77.0 kN/m³,,0.02 m³,,,,,RHS150x100x10,,,06iLtezST41xWlSrfqTFlx,,,,
,,,,Structural Framing,,,1,,,,By Type,,Default,,Rectangular Hollow Sections,Rectangular Hollow Sections: RHS150x100x10,,06iLtezST41xWlSrfqTCu8,,,,,,,4 m²,No,,0.00,,,,By Type,,,3PY_uWB3H86ALa01ZT$9jt,,,,,,Metal - Steel 50-355,77.0 kN/m³,,0.02 m³,,,,,RHS150x100x10,,,06iLtezST41xWlSrfqTFlx,,,,
,,,,Structural Framing,,,1,,,,By Type,,Default,,Rectangular Hollow Sections,Rectangular Hollow Sections: RHS150x100x10,,06iLtezST41xWlSrfqTCxu,,,,,,,4 m²,No,,0.00,,,,By Type,,,3PY_uWB3H86ALa01ZT$9jt,,,,,,Metal - Steel 50-355,77.0 kN/m³,,0.02 m³,,,,,RHS150x100x10,,,06iLtezST41xWlSrfqTFlx,,,,
,,,,Structural Framing,,,1,,,,By Type,,Default,,Rectangular Hollow Sections,Rectangular Hollow Sections: RHS150x100x10,,06iLtezST41xWlSrfqTCxx,,,,,,,4 m²,No,,0.00,,,,By Type,,,3PY_uWB3H86ALa01ZT$9jt,,,,,,Metal - Steel 50-355,77.0 kN/m³,,0.02 m³,,,,,RHS150x100x10,,,06iLtezST41xWlSrfqTFlx,,,,
,,,,Structural Framing,,,1,,,,By Type,,Default,,Rectangular Hollow Sections,Rectangular Hollow Sections: RHS150x100x10,,06iLtezST41xWlSrfqTCxj,,,,,,,4 m²,No,,0.00,,,,By Type,,,3PY_uWB3H86ALa01ZT$9jt,,,,,,Metal - Steel 50-355,77.0 kN/m³,,0.02 m³,,,,,RHS150x100x10,,,06iLtezST41xWlSrfqTFlx,,,,
,,,,Structural Framing,,,1,,,,By Type,,Default,,Rectangular Hollow Sections,Rectangular Hollow Sections: RHS150x100x10,,06iLtezST41xWlSrfqTCxi,,,,,,,4 m²,No,,0.00,,,,By Type,,,3PY_uWB3H86ALa01ZT$9jt,,,,,,Metal - Steel 50-355,77.0 kN/m³,,0.02 m³,,,,,RHS150x100x10,,,06iLtezST41xWlSrfqTFlx,,,,
,,,,Structural Framing,,,1,,,,By Type,,Default,,Rectangular Hollow Sections,Rectangular Hollow Sections: RHS150x100x10,,06iLtezST41xWlSrfqTCxc,,,,,,,4 m²,No,,0.00,,,,By Type,,,3PY_uWB3H86ALa01ZT$9jt,,,,,,Metal - Steel 50-355,77.0 kN/m³,,0.02 m³,,,,,RHS150x100x10,,,06iLtezST41xWlSrfqTFlx,,,,
,,,,Structural Framing,,,1,,,,By Type,,Default,,Rectangular Hollow Sections,Rectangular Hollow Sections: RHS150x100x10,,06iLtezST41xWlSrfqTCxX,,,,,,,4 m²,No,,0.00,,,,By Type,,,3PY_uWB3H86ALa01ZT$9jt,,,,,,Metal - Steel 50-355,77.0 kN/m³,,0.02 m³,,,,,RHS150x100x10,,,06iLtezST41xWlSrfqTFlx,,,,
,,,,Structural Framing,,,1,,,,By Type,,Default,,Rectangular Hollow Sections,Rectangular Hollow Sections: RHS250x150x10,,06iLtezST41xWlSrfqTCz$,,,,,,,5 m²,No,,0.00,,,,By Type,,,3PY_uWB3H86ALa01ZT$9jt,,,,,,Metal - Steel 50-355,77.0 kN/m³,,0.03 m³,,,,,RHS250x150x10,,,06iLtezST41xWlSrfqTCwJ,,,,
,,,,Structural Framing,,,1,,,,By Type,,Default,,Rectangular Hollow Sections,Rectangular Hollow Sections: RHS250x150x10,,06iLtezST41xWlSrfqTCyn,,,,,,,5 m²,No,,0.00,,,,By Type,,,3PY_uWB3H86ALa01ZT$9jt,,,,,,Metal - Steel 50-355,77.0 kN/m³,,0.03 m³,,,,,RHS250x150x10,,,06iLtezST41xWlSrfqTCwJ,,,,
,,,,Structural Framing,,,1,,,,By Type,,Default,,Rectangular Hollow Sections,Rectangular Hollow Sections: RHS250x150x10,,06iLtezST41xWlSrfqTC$f,,,,,,,5 m²,No,,0.00,,,,By Type,,,3PY_uWB3H86ALa01ZT$9jt,,,,,,Metal - Steel 50-355,77.0 kN/m³,,0.02 m³,,,,,RHS250x150x10,,,06iLtezST41xWlSrfqTCwJ,,,,
,,,,Structural Framing,,,1,,,,By Type,,Default,,Rectangular Hollow Sections,Rectangular Hollow Sections: RHS250x150x10,,06iLtezST41xWlSrfqTC_K,,,,,,,5 m²,No,,0.00,,,,By Type,,,3PY_uWB3H86ALa01ZT$9jt,,,,,,Metal - Steel 50-355,77.0 kN/m³,,0.02 m³,,,,,RHS250x150x10,,,06iLtezST41xWlSrfqTCwJ,,,,
,,,,Structural Framing,,,1,,,,By Type,,Default,,Rectangular Hollow Sections,Rectangular Hollow Sections: RHS250x150x10,,06iLtezST41xWlSrfqTC_1,,,,,,,5 m²,No,,0.00,,,,By Type,,,3PY_uWB3H86ALa01ZT$9jt,,,,,,Metal - Steel 50-355,77.0 kN/m³,,0.02 m³,,,,,RHS250x150x10,,,06iLtezST41xWlSrfqTCwJ,,,,
,,,,Structural Framing,,,1,,,,By Type,,Default,,Rectangular Hollow Sections,Rectangular Hollow Sections: RHS250x150x10,,06iLtezST41xWlSrfqTCXm,,,,,,,5 m²,No,,0.00,,,,By Type,,,3PY_uWB3H86ALa01ZT$9jt,,,,,,Metal - Steel 50-355,77.0 kN/m³,,0.02 m³,,,,,RHS250x150x10,,,06iLtezST41xWlSrfqTCwJ,,,,
,,,,Structural Framing,,,1,,,,By Type,,Default,,Rectangular Hollow Sections,Rectangular Hollow Sections: RHS250x150x10,,06iLtezST41xWlSrfqTCXZ,,,,,,,5 m²,No,,0.00,,,,By Type,,,3PY_uWB3H86ALa01ZT$9jt,,,,,,Metal - Steel 50-355,77.0 kN/m³,,0.02 m³,,,,,RHS250x150x10,,,06iLtezST41xWlSrfqTCwJ,,,,
,,,,Structural Framing,,,1,,,,By Type,,Default,,Rectangular Hollow Sections,Rectangular Hollow Sections: RHS250x150x10,,06iLtezST41xWlSrfqTCXI,,,,,,,5 m²,No,,0.00,,,,By Type,,,3PY_uWB3H86ALa01ZT$9jt,,,,,,Metal - Steel 50-355,77.0 kN/m³,,0.02 m³,,,,,RHS250x150x10,,,06iLtezST41xWlSrfqTCwJ,,,,
,,,,Structural Framing,,,1,,,,By Type,,Default,,Rectangular Hollow Sections,Rectangular Hollow Sections: RHS250x150x10,,06iLtezST41xWlSrfqTCWz,,,,,,,5 m²,No,,0.00,,,,By Type,,,3PY_uWB3H86ALa01ZT$9jt,,,,,,Metal - Steel 50-355,77.0 kN/m³,,0.02 m³,,,,,RHS250x150x10,,,06iLtezST41xWlSrfqTCwJ,,,,
,,,,Structural Framing,,,1,,,,By Type,,Default,,Rectangular Hollow Sections,Rectangular Hollow Sections: RHS250x150x10,,06iLtezST41xWlSrfqTCWi,,,,,,,5 m²,No,,0.00,,,,By Type,,,3PY_uWB3H86ALa01ZT$9jt,,,,,,Metal - Steel 50-355,77.0 kN/m³,,0.02 m³,,,,,RHS250x150x10,,,06iLtezST41xWlSrfqTCwJ,,,,
,,,,Structural Framing,,,1,,,,By Type,,Default,,Rectangular Hollow Sections,Rectangular Hollow Sections: RHS250x150x10,,06iLtezST41xWlSrfqTCWT,,,,,,,5 m²,No,,0.00,,,,By Type,,,3PY_uWB3H86ALa01ZT$9jt,,,,,,Metal - Steel 50-355,77.0 kN/m³,,0.02 m³,,,,,RHS250x150x10,,,06iLtezST41xWlSrfqTCwJ,,,,
,,,,Structural Framing,,,1,,,,By Type,,Default,,Rectangular Hollow Sections,Rectangular Hollow Sections: RHS250x150x10,,06iLtezST41xWlSrfqTCWC,,,,,,,5 m²,No,,0.00,,,,By Type,,,3PY_uWB3H86ALa01ZT$9jt,,,,,,Metal - Steel 50-355,77.0 kN/m³,,0.02 m³,,,,,RHS250x150x10,,,06iLtezST41xWlSrfqTCwJ,,,,
,,,,Structural Framing,,,1,,,,By Type,,Default,,Rectangular Hollow Sections,Rectangular Hollow Sections: RHS100x50x8,,06iLtezST41xWlSrfqTCgj,,,,,,,2 m²,No,,0.00,,,,By Type,,,3PY_uWB3H86ALa01ZT$9jt,,,,,,Metal - Steel 50-355,77.0 kN/m³,,0.01 m³,,,,,RHS100x50x8,,,06iLtezST41xWlSrfqTCwH,,,,
,,,,Structural Framing,,,1,,,,By Type,,Default,,Rectangular Hollow Sections,Rectangular Hollow Sections: RHS100x50x8,,06iLtezST41xWlSrfqTCgi,,,,,,,2 m²,No,,0.00,,,,By Type,,,3PY_uWB3H86ALa01ZT$9jt,,,,,,Metal - Steel 50-355,77.0 kN/m³,,0.01 m³,,,,,RHS100x50x8,,,06iLtezST41xWlSrfqTCwH,,,,
,,,,Structural Framing,,,1,,,,By Type,,Default,,Rectangular Hollow Sections,Rectangular Hollow Sections: RHS100x50x8,,06iLtezST41xWlSrfqTCgl,,,,,,,2 m²,No,,0.00,,,,By Type,,,3PY_uWB3H86ALa01ZT$9jt,,,,,,Metal - Steel 50-355,77.0 kN/m³,,0.01 m³,,,,,RHS100x50x8,,,06iLtezST41xWlSrfqTCwH,,,,
,,,,Structural Framing,,,1,,,,By Type,,Default,,Rectangular Hollow Sections,Rectangular Hollow Sections: RHS100x50x8,,06iLtezST41xWlSrfqTCgk,,,,,,,2 m²,No,,0.00,,,,By Type,,,3PY_uWB3H86ALa01ZT$9jt,,,,,,Metal - Steel 50-355,77.0 kN/m³,,0.01 m³,,,,,RHS100x50x8,,,06iLtezST41xWlSrfqTCwH,,,,
,,,,Structural Framing,,,1,,,,By Type,,Default,,Rectangular Hollow Sections,Rectangular Hollow Sections: RHS100x50x8,,06iLtezST41xWlSrfqTCgf,,,,,,,2 m²,No,,0.00,,,,By Type,,,3PY_uWB3H86ALa01ZT$9jt,,,,,,Metal - Steel 50-355,77.0 kN/m³,,0.01 m³,,,,,RHS100x50x8,,,06iLtezST41xWlSrfqTCwH,,,,
,,,,Structural Framing,,,1,,,,By Type,,Default,,Rectangular Hollow Sections,Rectangular Hollow Sections: RHS100x50x8,,06iLtezST41xWlSrfqTCge,,,,,,,2 m²,No,,0.00,,,,By Type,,,3PY_uWB3H86ALa01ZT$9jt,,,,,,Metal - Steel 50-355,77.0 kN/m³,,0.01 m³,,,,,RHS100x50x8,,,06iLtezST41xWlSrfqTCwH,,,,
,,,,Structural Framing,,,1,,,,By Type,,Default,,Rectangular Hollow Sections,Rectangular Hollow Sections: RHS100x50x8,,06iLtezST41xWlSrfqTCgh,,,,,,,2 m²,No,,0.00,,,,By Type,,,3PY_uWB3H86ALa01ZT$9jt,,,,,,Metal - Steel 50-355,77.0 kN/m³,,0.01 m³,,,,,RHS100x50x8,,,06iLtezST41xWlSrfqTCwH,,,,
,,,,Structural Framing,,,1,,,,By Type,,Default,,Rectangular Hollow Sections,Rectangular Hollow Sections: RHS100x50x8,,06iLtezST41xWlSrfqTCgg,,,,,,,2 m²,No,,0.00,,,,By Type,,,3PY_uWB3H86ALa01ZT$9jt,,,,,,Metal - Steel 50-355,77.0 kN/m³,,0.01 m³,,,,,RHS100x50x8,,,06iLtezST41xWlSrfqTCwH,,,,
,,,,Structural Framing,,,1,,,,By Type,,Default,,Rectangular Hollow Sections,Rectangular Hollow Sections: RHS100x50x8,,06iLtezST41xWlSrfqTCgb,,,,,,,2 m²,No,,0.00,,,,By Type,,,3PY_uWB3H86ALa01ZT$9jt,,,,,,Metal - Steel 50-355,77.0 kN/m³,,0.01 m³,,,,,RHS100x50x8,,,06iLtezST41xWlSrfqTCwH,,,,
,,,,Structural Framing,,,1,,,,By Type,,Default,,Rectangular Hollow Sections,Rectangular Hollow Sections: RHS100x50x8,,06iLtezST41xWlSrfqTCga,,,,,,,2 m²,No,,0.00,,,,By Type,,,3PY_uWB3H86ALa01ZT$9jt,,,,,,Metal - Steel 50-355,77.0 kN/m³,,0.01 m³,,,,,RHS100x50x8,,,06iLtezST41xWlSrfqTCwH,,,,
,,,,Structural Framing,,,1,,,,By Type,,Default,,Rectangular Hollow Sections,Rectangular Hollow Sections: RHS100x50x8,,06iLtezST41xWlSrfqTCgd,,,,,,,2 m²,No,,0.00,,,,By Type,,,3PY_uWB3H86ALa01ZT$9jt,,,,,,Metal - Steel 50-355,77.0 kN/m³,,0.01 m³,,,,,RHS100x50x8,,,06iLtezST41xWlSrfqTCwH,,,,
,,,,Structural Framing,,,1,,,,By Type,,Default,,Rectangular Hollow Sections,Rectangular Hollow Sections: RHS100x50x8,,06iLtezST41xWlSrfqTCj8,,,,,,,2 m²,No,,0.00,,,,By Type,,,3PY_uWB3H86ALa01ZT$9jt,,,,,,Metal - Steel 50-355,77.0 kN/m³,,0.01 m³,,,,,RHS100x50x8,,,06iLtezST41xWlSrfqTCwH,,,,
,,,,Structural Framing,,,1,,,,By Type,,Default,,Rectangular Hollow Sections,Rectangular Hollow Sections: RHS100x50x8,,06iLtezST41xWlSrfqTCjB,,,,,,,2 m²,No,,0.00,,,,By Type,,,3PY_uWB3H86ALa01ZT$9jt,,,,,,Metal - Steel 50-355,77.0 kN/m³,,0.01 m³,,,,,RHS100x50x8,,,06iLtezST41xWlSrfqTCwH,,,,
,,,,Structural Framing,,,1,,,,By Type,,Default,,Rectangular Hollow Sections,Rectangular Hollow Sections: RHS100x50x8,,06iLtezST41xWlSrfqTCjA,,,,,,,2 m²,No,,0.00,,,,By Type,,,3PY_uWB3H86ALa01ZT$9jt,,,,,,Metal - Steel 50-355,77.0 kN/m³,,0.01 m³,,,,,RHS100x50x8,,,06iLtezST41xWlSrfqTCwH,,,,
,,,,Structural Framing,,,1,,,,By Type,,Default,,Rectangular Hollow Sections,Rectangular Hollow Sections: RHS100x50x8,,06iLtezST41xWlSrfqTCj5,,,,,,,2 m²,No,,0.00,,,,By Type,,,3PY_uWB3H86ALa01ZT$9jt,,,,,,Metal - Steel 50-355,77.0 kN/m³,,0.01 m³,,,,,RHS100x50x8,,,06iLtezST41xWlSrfqTCwH,,,,
,,,,Structural Framing,,,1,,,,By Type,,Default,,Rectangular Hollow Sections,Rectangular Hollow Sections: RHS100x50x8,,06iLtezST41xWlSrfqTCj4,,,,,,,2 m²,No,,0.00,,,,By Type,,,3PY_uWB3H86ALa01ZT$9jt,,,,,,Metal - Steel 50-355,77.0 kN/m³,,0.01 m³,,,,,RHS100x50x8,,,06iLtezST41xWlSrfqTCwH,,,,
,,,,Structural Framing,,,1,,,,By Type,,Default,,Rectangular Hollow Sections,Rectangular Hollow Sections: RHS100x50x8,,06iLtezST41xWlSrfqTCj7,,,,,,,2 m²,No,,0.00,,,,By Type,,,3PY_uWB3H86ALa01ZT$9jt,,,,,,Metal - Steel 50-355,77.0 kN/m³,,0.01 m³,,,,,RHS100x50x8,,,06iLtezST41xWlSrfqTCwH,,,,
,,,,Structural Framing,,,1,,,,By Type,,Default,,Rectangular Hollow Sections,Rectangular Hollow Sections: RHS100x50x8,,06iLtezST41xWlSrfqTCj6,,,,,,,2 m²,No,,0.00,,,,By Type,,,3PY_uWB3H86ALa01ZT$9jt,,,,,,Metal - Steel 50-355,77.0 kN/m³,,0.01 m³,,,,,RHS100x50x8,,,06iLtezST41xWlSrfqTCwH,,,,
,,,,Structural Framing,,,1,,,,By Type,,Default,,Rectangular Hollow Sections,Rectangular Hollow Sections: RHS100x50x8,,06iLtezST41xWlSrfqTCj1,,,,,,,2 m²,No,,0.00,,,,By Type,,,3PY_uWB3H86ALa01ZT$9jt,,,,,,Metal - Steel 50-355,77.0 kN/m³,,0.01 m³,,,,,RHS100x50x8,,,06iLtezST41xWlSrfqTCwH,,,,
,,,,Structural Framing,,,1,,,,By Type,,Default,,Rectangular Hollow Sections,Rectangular Hollow Sections: RHS100x50x8,,06iLtezST41xWlSrfqTCj0,,,,,,,2 m²,No,,0.00,,,,By Type,,,3PY_uWB3H86ALa01ZT$9jt,,,,,,Metal - Steel 50-355,77.0 kN/m³,,0.01 m³,,,,,RHS100x50x8,,,06iLtezST41xWlSrfqTCwH,,,,
,,,,Structural Framing,,,1,,,,By Type,,Default,,Rectangular Hollow Sections,Rectangular Hollow Sections: RHS100x50x8,,06iLtezST41xWlSrfqTCj3,,,,,,,2 m²,No,,0.00,,,,By Type,,,3PY_uWB3H86ALa01ZT$9jt,,,,,,Metal - Steel 50-355,77.0 kN/m³,,0.01 m³,,,,,RHS100x50x8,,,06iLtezST41xWlSrfqTCwH,,,,
,,,,Structural Framing,,,1,,,,By Type,,Default,,Rectangular Hollow Sections,Rectangular Hollow Sections: RHS100x50x8,,06iLtezST41xWlSrfqTCj2,,,,,,,2 m²,No,,0.00,,,,By Type,,,3PY_uWB3H86ALa01ZT$9jt,,,,,,Metal - Steel 50-355,77.0 kN/m³,,0.01 m³,,,,,RHS100x50x8,,,06iLtezST41xWlSrfqTCwH,,,,
,,,,Structural Framing,,,1,,,,By Type,,Default,,Rectangular Hollow Sections,Rectangular Hollow Sections: RHS100x50x8,,06iLtezST41xWlSrfqTCkv,,,,,,,2 m²,No,,0.00,,,,By Type,,,3PY_uWB3H86ALa01ZT$9jt,,,,,,Metal - Steel 50-355,77.0 kN/m³,,0.01 m³,,,,,RHS100x50x8,,,06iLtezST41xWlSrfqTCwH,,,,
,,,,Structural Framing,,,1,,,,By Type,,Default,,Rectangular Hollow Sections,Rectangular Hollow Sections: RHS100x50x8,,06iLtezST41xWlSrfqTCku,,,,,,,2 m²,No,,0.00,,,,By Type,,,3PY_uWB3H86ALa01ZT$9jt,,,,,,Metal - Steel 50-355,77.0 kN/m³,,0.01 m³,,,,,RHS100x50x8,,,06iLtezST41xWlSrfqTCwH,,,,
,,,,Structural Framing,,,1,,,,By Type,,Default,,Rectangular Hollow Sections,Rectangular Hollow Sections: RHS100x50x8,,06iLtezST41xWlSrfqTCkx,,,,,,,2 m²,No,,0.00,,,,By Type,,,3PY_uWB3H86ALa01ZT$9jt,,,,,,Metal - Steel 50-355,77.0 kN/m³,,0.01 m³,,,,,RHS100x50x8,,,06iLtezST41xWlSrfqTCwH,,,,
,,,,Structural Framing,,,1,,,,By Type,,Default,,Rectangular Hollow Sections,Rectangular Hollow Sections: RHS100x50x8,,06iLtezST41xWlSrfqTCkw,,,,,,,2 m²,No,,0.00,,,,By Type,,,3PY_uWB3H86ALa01ZT$9jt,,,,,,Metal - Steel 50-355,77.0 kN/m³,,0.01 m³,,,,,RHS100x50x8,,,06iLtezST41xWlSrfqTCwH,,,,
,,,,Structural Framing,,,1,,,,By Type,,Default,,Rectangular Hollow Sections,Rectangular Hollow Sections: RHS100x50x8,,06iLtezST41xWlSrfqTCkr,,,,,,,2 m²,No,,0.00,,,,By Type,,,3PY_uWB3H86ALa01ZT$9jt,,,,,,Metal - Steel 50-355,77.0 kN/m³,,0.01 m³,,,,,RHS100x50x8,,,06iLtezST41xWlSrfqTCwH,,,,
,,,,Structural Framing,,,1,,,,By Type,,Default,,Rectangular Hollow Sections,Rectangular Hollow Sections: RHS100x50x8,,06iLtezST41xWlSrfqTCkq,,,,,,,2 m²,No,,0.00,,,,By Type,,,3PY_uWB3H86ALa01ZT$9jt,,,,,,Metal - Steel 50-355,77.0 kN/m³,,0.01 m³,,,,,RHS100x50x8,,,06iLtezST41xWlSrfqTCwH,,,,
,,,,Structural Framing,,,1,,,,By Type,,Default,,Rectangular Hollow Sections,Rectangular Hollow Sections: RHS100x50x8,,06iLtezST41xWlSrfqTCkt,,,,,,,2 m²,No,,0.00,,,,By Type,,,3PY_uWB3H86ALa01ZT$9jt,,,,,,Metal - Steel 50-355,77.0 kN/m³,,0.01 m³,,,,,RHS100x50x8,,,06iLtezST41xWlSrfqTCwH,,,,
,,,,Structural Framing,,,1,,,,By Type,,Default,,Rectangular Hollow Sections,Rectangular Hollow Sections: RHS100x50x8,,06iLtezST41xWlSrfqTCks,,,,,,,2 m²,No,,0.00,,,,By Type,,,3PY_uWB3H86ALa01ZT$9jt,,,,,,Metal - Steel 50-355,77.0 kN/m³,,0.01 m³,,,,,RHS100x50x8,,,06iLtezST41xWlSrfqTCwH,,,,
,,,,Structural Framing,,,1,,,,By Type,,Default,,Rectangular Hollow Sections,Rectangular Hollow Sections: RHS100x50x8,,06iLtezST41xWlSrfqTCkn,,,,,,,2 m²,No,,0.00,,,,By Type,,,3PY_uWB3H86ALa01ZT$9jt,,,,,,Metal - Steel 50-355,77.0 kN/m³,,0.01 m³,,,,,RHS100x50x8,,,06iLtezST41xWlSrfqTCwH,,,,
,,,,Structural Framing,,,1,,,,By Type,,Default,,Rectangular Hollow Sections,Rectangular Hollow Sections: RHS100x50x8,,06iLtezST41xWlSrfqTCkm,,,,,,,2 m²,No,,0.00,,,,By Type,,,3PY_uWB3H86ALa01ZT$9jt,,,,,,Metal - Steel 50-355,77.0 kN/m³,,0.01 m³,,,,,RHS100x50x8,,,06iLtezST41xWlSrfqTCwH,,,,
,,,,Structural Framing,,,1,,,,By Type,,Default,,Rectangular Hollow Sections,Rectangular Hollow Sections: RHS100x50x8,,06iLtezST41xWlSrfqTCkp,,,,,,,2 m²,No,,0.00,,,,By Type,,,3PY_uWB3H86ALa01ZT$9jt,,,,,,Metal - Steel 50-355,77.0 kN/m³,,0.01 m³,,,,,RHS100x50x8,,,06iLtezST41xWlSrfqTCwH,,,,
,,,,Structural Framing,,,1,,,,By Type,,Default,,Rectangular Hollow Sections,Rectangular Hollow Sections: RHS100x50x8,,06iLtezST41xWlSrfqTCka,,,,,,,2 m²,No,,0.00,,,,By Type,,,3PY_uWB3H86ALa01ZT$9jt,,,,,,Metal - Steel 50-355,77.0 kN/m³,,0.01 m³,,,,,RHS100x50x8,,,06iLtezST41xWlSrfqTCwH,,,,
,,,,Structural Framing,,,1,,,,By Type,,Default,,Rectangular Hollow Sections,Rectangular Hollow Sections: RHS100x50x8,,06iLtezST41xWlSrfqTCkd,,,,,,,2 m²,No,,0.00,,,,By Type,,,3PY_uWB3H86ALa01ZT$9jt,,,,,,Metal - Steel 50-355,77.0 kN/m³,,0.01 m³,,,,,RHS100x50x8,,,06iLtezST41xWlSrfqTCwH,,,,
,,,,Structural Framing,,,1,,,,By Type,,Default,,Rectangular Hollow Sections,Rectangular Hollow Sections: RHS100x50x8,,06iLtezST41xWlSrfqTCkc,,,,,,,2 m²,No,,0.00,,,,By Type,,,3PY_uWB3H86ALa01ZT$9jt,,,,,,Metal - Steel 50-355,77.0 kN/m³,,0.01 m³,,,,,RHS100x50x8,,,06iLtezST41xWlSrfqTCwH,,,,
,,,,Structural Framing,,,1,,,,By Type,,Default,,Rectangular Hollow Sections,Rectangular Hollow Sections: RHS100x50x8,,06iLtezST41xWlSrfqTCkX,,,,,,,2 m²,No,,0.00,,,,By Type,,,3PY_uWB3H86ALa01ZT$9jt,,,,,,Metal - Steel 50-355,77.0 kN/m³,,0.01 m³,,,,,RHS100x50x8,,,06iLtezST41xWlSrfqTCwH,,,,
,,,,Structural Framing,,,1,,,,By Type,,Default,,Rectangular Hollow Sections,Rectangular Hollow Sections: RHS100x50x8,,06iLtezST41xWlSrfqTCkW,,,,,,,2 m²,No,,0.00,,,,By Type,,,3PY_uWB3H86ALa01ZT$9jt,,,,,,Metal - Steel 50-355,77.0 kN/m³,,0.01 m³,,,,,RHS100x50x8,,,06iLtezST41xWlSrfqTCwH,,,,
,,,,Structural Framing,,,1,,,,By Type,,Default,,Rectangular Hollow Sections,Rectangular Hollow Sections: RHS100x50x8,,06iLtezST41xWlSrfqTCkZ,,,,,,,2 m²,No,,0.00,,,,By Type,,,3PY_uWB3H86ALa01ZT$9jt,,,,,,Metal - Steel 50-355,77.0 kN/m³,,0.01 m³,,,,,RHS100x50x8,,,06iLtezST41xWlSrfqTCwH,,,,
,,,,Structural Framing,,,1,,,,By Type,,Default,,Rectangular Hollow Sections,Rectangular Hollow Sections: RHS100x50x8,,06iLtezST41xWlSrfqTCkY,,,,,,,2 m²,No,,0.00,,,,By Type,,,3PY_uWB3H86ALa01ZT$9jt,,,,,,Metal - Steel 50-355,77.0 kN/m³,,0.01 m³,,,,,RHS100x50x8,,,06iLtezST41xWlSrfqTCwH,,,,
,,,,Structural Framing,,,1,,,,By Type,,Default,,Rectangular Hollow Sections,Rectangular Hollow Sections: RHS100x50x8,,06iLtezST41xWlSrfqTCkT,,,,,,,2 m²,No,,0.00,,,,By Type,,,3PY_uWB3H86ALa01ZT$9jt,,,,,,Metal - Steel 50-355,77.0 kN/m³,,0.01 m³,,,,,RHS100x50x8,,,06iLtezST41xWlSrfqTCwH,,,,
,,,,Structural Framing,,,1,,,,By Type,,Default,,Rectangular Hollow Sections,Rectangular Hollow Sections: RHS100x50x8,,06iLtezST41xWlSrfqTCkS,,,,,,,2 m²,No,,0.00,,,,By Type,,,3PY_uWB3H86ALa01ZT$9jt,,,,,,Metal - Steel 50-355,77.0 kN/m³,,0.01 m³,,,,,RHS100x50x8,,,06iLtezST41xWlSrfqTCwH,,,,
,,,,Structural Framing,,,1,,,,By Type,,Default,,Rectangular Hollow Sections,Rectangular Hollow Sections: RHS100x50x8,,06iLtezST41xWlSrfqTCkV,,,,,,,2 m²,No,,0.00,,,,By Type,,,3PY_uWB3H86ALa01ZT$9jt,,,,,,Metal - Steel 50-355,77.0 kN/m³,,0.01 m³,,,,,RHS100x50x8,,,06iLtezST41xWlSrfqTCwH,,,,
,,,,Structural Framing,,,1,,,,By Type,,Default,,Rectangular Hollow Sections,Rectangular Hollow Sections: RHS100x50x8,,06iLtezST41xWlSrfqTCkU,,,,,,,2 m²,No,,0.00,,,,By Type,,,3PY_uWB3H86ALa01ZT$9jt,,,,,,Metal - Steel 50-355,77.0 kN/m³,,0.01 m³,,,,,RHS100x50x8,,,06iLtezST41xWlSrfqTCwH,,,,
,,,,Structural Framing,,,1,,,,By Type,,Default,,Rectangular Hollow Sections,Rectangular Hollow Sections: RHS100x50x8,,06iLtezST41xWlSrfqTCkG,,,,,,,2 m²,No,,0.00,,,,By Type,,,3PY_uWB3H86ALa01ZT$9jt,,,,,,Metal - Steel 50-355,77.0 kN/m³,,0.01 m³,,,,,RHS100x50x8,,,06iLtezST41xWlSrfqTCwH,,,,
,,,,Structural Framing,,,1,,,,By Type,,Default,,Rectangular Hollow Sections,Rectangular Hollow Sections: RHS100x50x8,,06iLtezST41xWlSrfqTCkJ,,,,,,,2 m²,No,,0.00,,,,By Type,,,3PY_uWB3H86ALa01ZT$9jt,,,,,,Metal - Steel 50-355,77.0 kN/m³,,0.01 m³,,,,,RHS100x50x8,,,06iLtezST41xWlSrfqTCwH,,,,
,,,,Structural Framing,,,1,,,,By Type,,Default,,Rectangular Hollow Sections,Rectangular Hollow Sections: RHS100x50x8,,06iLtezST41xWlSrfqTCkI,,,,,,,2 m²,No,,0.00,,,,By Type,,,3PY_uWB3H86ALa01ZT$9jt,,,,,,Metal - Steel 50-355,77.0 kN/m³,,0.01 m³,,,,,RHS100x50x8,,,06iLtezST41xWlSrfqTCwH,,,,
,,,,Structural Framing,,,1,,,,By Type,,Default,,Rectangular Hollow Sections,Rectangular Hollow Sections: RHS100x50x8,,06iLtezST41xWlSrfqTCkD,,,,,,,2 m²,No,,0.00,,,,By Type,,,3PY_uWB3H86ALa01ZT$9jt,,,,,,Metal - Steel 50-355,77.0 kN/m³,,0.01 m³,,,,,RHS100x50x8,,,06iLtezST41xWlSrfqTCwH,,,,
,,,,Structural Framing,,,1,,,,By Type,,Default,,Rectangular Hollow Sections,Rectangular Hollow Sections: RHS100x50x8,,06iLtezST41xWlSrfqTCkC,,,,,,,2 m²,No,,0.00,,,,By Type,,,3PY_uWB3H86ALa01ZT$9jt,,,,,,Metal - Steel 50-355,77.0 kN/m³,,0.01 m³,,,,,RHS100x50x8,,,06iLtezST41xWlSrfqTCwH,,,,
,,,,Structural Framing,,,1,,,,By Type,,Default,,Rectangular Hollow Sections,Rectangular Hollow Sections: RHS100x50x8,,06iLtezST41xWlSrfqTCkF,,,,,,,2 m²,No,,0.00,,,,By Type,,,3PY_uWB3H86ALa01ZT$9jt,,,,,,Metal - Steel 50-355,77.0 kN/m³,,0.01 m³,,,,,RHS100x50x8,,,06iLtezST41xWlSrfqTCwH,,,,
,,,,Structural Framing,,,1,,,,By Type,,Default,,Rectangular Hollow Sections,Rectangular Hollow Sections: RHS100x50x8,,06iLtezST41xWlSrfqTCkE,,,,,,,2 m²,No,,0.00,,,,By Type,,,3PY_uWB3H86ALa01ZT$9jt,,,,,,Metal - Steel 50-355,77.0 kN/m³,,0.01 m³,,,,,RHS100x50x8,,,06iLtezST41xWlSrfqTCwH,,,,
,,,,Structural Framing,,,1,,,,By Type,,Default,,Rectangular Hollow Sections,Rectangular Hollow Sections: RHS100x50x8,,06iLtezST41xWlSrfqTCk9,,,,,,,2 m²,No,,0.00,,,,By Type,,,3PY_uWB3H86ALa01ZT$9jt,,,,,,Metal - Steel 50-355,77.0 kN/m³,,0.01 m³,,,,,RHS100x50x8,,,06iLtezST41xWlSrfqTCwH,,,,
,,,,Structural Framing,,,1,,,,By Type,,Default,,Rectangular Hollow Sections,Rectangular Hollow Sections: RHS100x50x8,,06iLtezST41xWlSrfqTCk8,,,,,,,2 m²,No,,0.00,,,,By Type,,,3PY_uWB3H86ALa01ZT$9jt,,,,,,Metal - Steel 50-355,77.0 kN/m³,,0.01 m³,,,,,RHS100x50x8,,,06iLtezST41xWlSrfqTCwH,,,,
,,,,Structural Framing,,,1,,,,By Type,,Default,,Rectangular Hollow Sections,Rectangular Hollow Sections: RHS100x50x8,,06iLtezST41xWlSrfqTCkB,,,,,,,2 m²,No,,0.00,,,,By Type,,,3PY_uWB3H86ALa01ZT$9jt,,,,,,Metal - Steel 50-355,77.0 kN/m³,,0.01 m³,,,,,RHS100x50x8,,,06iLtezST41xWlSrfqTCwH,,,,
,,,,Structural Framing,,,1,,,,By Type,,Default,,Rectangular Hollow Sections,Rectangular Hollow Sections: RHS100x50x8,,06iLtezST41xWlSrfqTCkA,,,,,,,2 m²,No,,0.00,,,,By Type,,,3PY_uWB3H86ALa01ZT$9jt,,,,,,Metal - Steel 50-355,77.0 kN/m³,,0.01 m³,,,,,RHS100x50x8,,,06iLtezST41xWlSrfqTCwH,,,,
,,,,Structural Framing,,,1,,,,By Type,,Default,,Rectangular Hollow Sections,Rectangular Hollow Sections: RHS100x50x8,,06iLtezST41xWlSrfqTDHz,,,,,,,2 m²,No,,0.00,,,,By Type,,,3PY_uWB3H86ALa01ZT$9jt,,,,,,Metal - Steel 50-355,77.0 kN/m³,,0.01 m³,,,,,RHS100x50x8,,,06iLtezST41xWlSrfqTCwH,,,,
,,,,Structural Framing,,,1,,,,By Type,,Default,,Rectangular Hollow Sections,Rectangular Hollow Sections: RHS100x50x8,,06iLtezST41xWlSrfqTDHy,,,,,,,2 m²,No,,0.00,,,,By Type,,,3PY_uWB3H86ALa01ZT$9jt,,,,,,Metal - Steel 50-355,77.0 kN/m³,,0.01 m³,,,,,RHS100x50x8,,,06iLtezST41xWlSrfqTCwH,,,,
,,,,Structural Framing,,,1,,,,By Type,,Default,,Rectangular Hollow Sections,Rectangular Hollow Sections: RHS100x50x8,,06iLtezST41xWlSrfqTDH$,,,,,,,2 m²,No,,0.00,,,,By Type,,,3PY_uWB3H86ALa01ZT$9jt,,,,,,Metal - Steel 50-355,77.0 kN/m³,,0.01 m³,,,,,RHS100x50x8,,,06iLtezST41xWlSrfqTCwH,,,,
,,,,Structural Framing,,,1,,,,By Type,,Default,,Rectangular Hollow Sections,Rectangular Hollow Sections: RHS100x50x8,,06iLtezST41xWlSrfqTDH_,,,,,,,2 m²,No,,0.00,,,,By Type,,,3PY_uWB3H86ALa01ZT$9jt,,,,,,Metal - Steel 50-355,77.0 kN/m³,,0.01 m³,,,,,RHS100x50x8,,,06iLtezST41xWlSrfqTCwH,,,,
,,,,Structural Framing,,,1,,,,By Type,,Default,,Rectangular Hollow Sections,Rectangular Hollow Sections: RHS100x50x8,,06iLtezST41xWlSrfqTDHv,,,,,,,2 m²,No,,0.00,,,,By Type,,,3PY_uWB3H86ALa01ZT$9jt,,,,,,Metal - Steel 50-355,77.0 kN/m³,,0.01 m³,,,,,RHS100x50x8,,,06iLtezST41xWlSrfqTCwH,,,,
,,,,Structural Framing,,,1,,,,By Type,,Default,,Rectangular Hollow Sections,Rectangular Hollow Sections: RHS100x50x8,,06iLtezST41xWlSrfqTDHu,,,,,,,2 m²,No,,0.00,,,,By Type,,,3PY_uWB3H86ALa01ZT$9jt,,,,,,Metal - Steel 50-355,77.0 kN/m³,,0.01 m³,,,,,RHS100x50x8,,,06iLtezST41xWlSrfqTCwH,,,,
,,,,Structural Framing,,,1,,,,By Type,,Default,,Rectangular Hollow Sections,Rectangular Hollow Sections: RHS100x50x8,,06iLtezST41xWlSrfqTDHx,,,,,,,2 m²,No,,0.00,,,,By Type,,,3PY_uWB3H86ALa01ZT$9jt,,,,,,Metal - Steel 50-355,77.0 kN/m³,,0.01 m³,,,,,RHS100x50x8,,,06iLtezST41xWlSrfqTCwH,,,,
,,,,Structural Framing,,,1,,,,By Type,,Default,,Rectangular Hollow Sections,Rectangular Hollow Sections: RHS100x50x8,,06iLtezST41xWlSrfqTDHw,,,,,,,2 m²,No,,0.00,,,,By Type,,,3PY_uWB3H86ALa01ZT$9jt,,,,,,Metal - Steel 50-355,77.0 kN/m³,,0.01 m³,,,,,RHS100x50x8,,,06iLtezST41xWlSrfqTCwH,,,,
,,,,Structural Framing,,,1,,,,By Type,,Default,,Rectangular Hollow Sections,Rectangular Hollow Sections: RHS100x50x8,,06iLtezST41xWlSrfqTDHr,,,,,,,2 m²,No,,0.00,,,,By Type,,,3PY_uWB3H86ALa01ZT$9jt,,,,,,Metal - Steel 50-355,77.0 kN/m³,,0.01 m³,,,,,RHS100x50x8,,,06iLtezST41xWlSrfqTCwH,,,,
,,,,Structural Framing,,,1,,,,By Type,,Default,,Rectangular Hollow Sections,Rectangular Hollow Sections: RHS100x50x8,,06iLtezST41xWlSrfqTDHq,,,,,,,2 m²,No,,0.00,,,,By Type,,,3PY_uWB3H86ALa01ZT$9jt,,,,,,Metal - Steel 50-355,77.0 kN/m³,,0.01 m³,,,,,RHS100x50x8,,,06iLtezST41xWlSrfqTCwH,,,,
,,,,Structural Framing,,,1,,,,By Type,,Default,,Rectangular Hollow Sections,Rectangular Hollow Sections: RHS100x50x8,,06iLtezST41xWlSrfqTDHt,,,,,,,2 m²,No,,0.00,,,,By Type,,,3PY_uWB3H86ALa01ZT$9jt,,,,,,Metal - Steel 50-355,77.0 kN/m³,,0.01 m³,,,,,RHS100x50x8,,,06iLtezST41xWlSrfqTCwH,,,,
,,,,Structural Framing,,,1,,,,By Type,,Default,,Rectangular Hollow Sections,Rectangular Hollow Sections: RHS100x50x8,,06iLtezST41xWlSrfqTDHf,,,,,,,2 m²,No,,0.00,,,,By Type,,,3PY_uWB3H86ALa01ZT$9jt,,,,,,Metal - Steel 50-355,77.0 kN/m³,,0.01 m³,,,,,RHS100x50x8,,,06iLtezST41xWlSrfqTCwH,,,,
,,,,Structural Framing,,,1,,,,By Type,,Default,,Rectangular Hollow Sections,Rectangular Hollow Sections: RHS100x50x8,,06iLtezST41xWlSrfqTDHe,,,,,,,2 m²,No,,0.00,,,,By Type,,,3PY_uWB3H86ALa01ZT$9jt,,,,,,Metal - Steel 50-355,77.0 kN/m³,,0.01 m³,,,,,RHS100x50x8,,,06iLtezST41xWlSrfqTCwH,,,,
,,,,Structural Framing,,,1,,,,By Type,,Default,,Rectangular Hollow Sections,Rectangular Hollow Sections: RHS100x50x8,,06iLtezST41xWlSrfqTDHh,,,,,,,2 m²,No,,0.00,,,,By Type,,,3PY_uWB3H86ALa01ZT$9jt,,,,,,Metal - Steel 50-355,77.0 kN/m³,,0.01 m³,,,,,RHS100x50x8,,,06iLtezST41xWlSrfqTCwH,,,,
,,,,Structural Framing,,,1,,,,By Type,,Default,,Rectangular Hollow Sections,Rectangular Hollow Sections: RHS100x50x8,,06iLtezST41xWlSrfqTDHg,,,,,,,2 m²,No,,0.00,,,,By Type,,,3PY_uWB3H86ALa01ZT$9jt,,,,,,Metal - Steel 50-355,77.0 kN/m³,,0.01 m³,,,,,RHS100x50x8,,,06iLtezST41xWlSrfqTCwH,,,,
,,,,Structural Framing,,,1,,,,By Type,,Default,,Rectangular Hollow Sections,Rectangular Hollow Sections: RHS100x50x8,,06iLtezST41xWlSrfqTDHb,,,,,,,2 m²,No,,0.00,,,,By Type,,,3PY_uWB3H86ALa01ZT$9jt,,,,,,Metal - Steel 50-355,77.0 kN/m³,,0.01 m³,,,,,RHS100x50x8,,,06iLtezST41xWlSrfqTCwH,,,,
,,,,Structural Framing,,,1,,,,By Type,,Default,,Rectangular Hollow Sections,Rectangular Hollow Sections: RHS100x50x8,,06iLtezST41xWlSrfqTDHa,,,,,,,2 m²,No,,0.00,,,,By Type,,,3PY_uWB3H86ALa01ZT$9jt,,,,,,Metal - Steel 50-355,77.0 kN/m³,,0.01 m³,,,,,RHS100x50x8,,,06iLtezST41xWlSrfqTCwH,,,,
,,,,Structural Framing,,,1,,,,By Type,,Default,,Rectangular Hollow Sections,Rectangular Hollow Sections: RHS100x50x8,,06iLtezST41xWlSrfqTDHd,,,,,,,2 m²,No,,0.00,,,,By Type,,,3PY_uWB3H86ALa01ZT$9jt,,,,,,Metal - Steel 50-355,77.0 kN/m³,,0.01 m³,,,,,RHS100x50x8,,,06iLtezST41xWlSrfqTCwH,,,,
,,,,Structural Framing,,,1,,,,By Type,,Default,,Rectangular Hollow Sections,Rectangular Hollow Sections: RHS100x50x8,,06iLtezST41xWlSrfqTDHc,,,,,,,2 m²,No,,0.00,,,,By Type,,,3PY_uWB3H86ALa01ZT$9jt,,,,,,Metal - Steel 50-355,77.0 kN/m³,,0.01 m³,,,,,RHS100x50x8,,,06iLtezST41xWlSrfqTCwH,,,,
,,,,Structural Framing,,,1,,,,By Type,,Default,,Rectangular Hollow Sections,Rectangular Hollow Sections: RHS100x50x8,,06iLtezST41xWlSrfqTDHX,,,,,,,2 m²,No,,0.00,,,,By Type,,,3PY_uWB3H86ALa01ZT$9jt,,,,,,Metal - Steel 50-355,77.0 kN/m³,,0.01 m³,,,,,RHS100x50x8,,,06iLtezST41xWlSrfqTCwH,,,,
,,,,Structural Framing,,,1,,,,By Type,,Default,,Rectangular Hollow Sections,Rectangular Hollow Sections: RHS100x50x8,,06iLtezST41xWlSrfqTDHW,,,,,,,2 m²,No,,0.00,,,,By Type,,,3PY_uWB3H86ALa01ZT$9jt,,,,,,Metal - Steel 50-355,77.0 kN/m³,,0.01 m³,,,,,RHS100x50x8,,,06iLtezST41xWlSrfqTCwH,,,,
,,,,Structural Framing,,,1,,,,By Type,,Default,,Rectangular Hollow Sections,Rectangular Hollow Sections: RHS100x50x8,,06iLtezST41xWlSrfqTDHZ,,,,,,,2 m²,No,,0.00,,,,By Type,,,3PY_uWB3H86ALa01ZT$9jt,,,,,,Metal - Steel 50-355,77.0 kN/m³,,0.01 m³,,,,,RHS100x50x8,,,06iLtezST41xWlSrfqTCwH,,,,
,,,,Structural Framing,,,1,,,,By Type,,Default,,Rectangular Hollow Sections,Rectangular Hollow Sections: RHS100x50x8,,06iLtezST41xWlSrfqTDHL,,,,,,,2 m²,No,,0.00,,,,By Type,,,3PY_uWB3H86ALa01ZT$9jt,,,,,,Metal - Steel 50-355,77.0 kN/m³,,0.01 m³,,,,,RHS100x50x8,,,06iLtezST41xWlSrfqTCwH,,,,
,,,,Structural Framing,,,1,,,,By Type,,Default,,Rectangular Hollow Sections,Rectangular Hollow Sections: RHS100x50x8,,06iLtezST41xWlSrfqTDHK,,,,,,,2 m²,No,,0.00,,,,By Type,,,3PY_uWB3H86ALa01ZT$9jt,,,,,,Metal - Steel 50-355,77.0 kN/m³,,0.01 m³,,,,,RHS100x50x8,,,06iLtezST41xWlSrfqTCwH,,,,
,,,,Structural Framing,,,1,,,,By Type,,Default,,Rectangular Hollow Sections,Rectangular Hollow Sections: RHS100x50x8,,06iLtezST41xWlSrfqTDHN,,,,,,,2 m²,No,,0.00,,,,By Type,,,3PY_uWB3H86ALa01ZT$9jt,,,,,,Metal - Steel 50-355,77.0 kN/m³,,0.01 m³,,,,,RHS100x50x8,,,06iLtezST41xWlSrfqTCwH,,,,
,,,,Structural Framing,,,1,,,,By Type,,Default,,Rectangular Hollow Sections,Rectangular Hollow Sections: RHS100x50x8,,06iLtezST41xWlSrfqTDHM,,,,,,,2 m²,No,,0.00,,,,By Type,,,3PY_uWB3H86ALa01ZT$9jt,,,,,,Metal - Steel 50-355,77.0 kN/m³,,0.01 m³,,,,,RHS100x50x8,,,06iLtezST41xWlSrfqTCwH,,,,
,,,,Structural Framing,,,1,,,,By Type,,Default,,Rectangular Hollow Sections,Rectangular Hollow Sections: RHS100x50x8,,06iLtezST41xWlSrfqTDHH,,,,,,,2 m²,No,,0.00,,,,By Type,,,3PY_uWB3H86ALa01ZT$9jt,,,,,,Metal - Steel 50-355,77.0 kN/m³,,0.01 m³,,,,,RHS100x50x8,,,06iLtezST41xWlSrfqTCwH,,,,
,,,,Structural Framing,,,1,,,,By Type,,Default,,Rectangular Hollow Sections,Rectangular Hollow Sections: RHS100x50x8,,06iLtezST41xWlSrfqTDHG,,,,,,,2 m²,No,,0.00,,,,By Type,,,3PY_uWB3H86ALa01ZT$9jt,,,,,,Metal - Steel 50-355,77.0 kN/m³,,0.01 m³,,,,,RHS100x50x8,,,06iLtezST41xWlSrfqTCwH,,,,
,,,,Structural Framing,,,1,,,,By Type,,Default,,Rectangular Hollow Sections,Rectangular Hollow Sections: RHS100x50x8,,06iLtezST41xWlSrfqTDHJ,,,,,,,2 m²,No,,0.00,,,,By Type,,,3PY_uWB3H86ALa01ZT$9jt,,,,,,Metal - Steel 50-355,77.0 kN/m³,,0.01 m³,,,,,RHS100x50x8,,,06iLtezST41xWlSrfqTCwH,,,,
,,,,Structural Framing,,,1,,,,By Type,,Default,,Rectangular Hollow Sections,Rectangular Hollow Sections: RHS100x50x8,,06iLtezST41xWlSrfqTDHI,,,,,,,2 m²,No,,0.00,,,,By Type,,,3PY_uWB3H86ALa01ZT$9jt,,,,,,Metal - Steel 50-355,77.0 kN/m³,,0.01 m³,,,,,RHS100x50x8,,,06iLtezST41xWlSrfqTCwH,,,,
,,,,Structural Framing,,,1,,,,By Type,,Default,,Rectangular Hollow Sections,Rectangular Hollow Sections: RHS100x50x8,,06iLtezST41xWlSrfqTDHD,,,,,,,2 m²,No,,0.00,,,,By Type,,,3PY_uWB3H86ALa01ZT$9jt,,,,,,Metal - Steel 50-355,77.0 kN/m³,,0.01 m³,,,,,RHS100x50x8,,,06iLtezST41xWlSrfqTCwH,,,,
,,,,Structural Framing,,,1,,,,By Type,,Default,,Rectangular Hollow Sections,Rectangular Hollow Sections: RHS100x50x8,,06iLtezST41xWlSrfqTDHC,,,,,,,2 m²,No,,0.00,,,,By Type,,,3PY_uWB3H86ALa01ZT$9jt,,,,,,Metal - Steel 50-355,77.0 kN/m³,,0.01 m³,,,,,RHS100x50x8,,,06iLtezST41xWlSrfqTCwH,,,,
,,,,Structural Framing,,,1,,,,By Type,,Default,,Rectangular Hollow Sections,Rectangular Hollow Sections: RHS100x50x8,,06iLtezST41xWlSrfqTDHF,,,,,,,2 m²,No,,0.00,,,,By Type,,,3PY_uWB3H86ALa01ZT$9jt,,,,,,Metal - Steel 50-355,77.0 kN/m³,,0.01 m³,,,,,RHS100x50x8,,,06iLtezST41xWlSrfqTCwH,,,,
,,,,Structural Framing,,,1,,,,By Type,,Default,,Rectangular Hollow Sections,Rectangular Hollow Sections: RHS100x50x8,,06iLtezST41xWlSrfqTDH1,,,,,,,2 m²,No,,0.00,,,,By Type,,,3PY_uWB3H86ALa01ZT$9jt,,,,,,Metal - Steel 50-355,77.0 kN/m³,,0.01 m³,,,,,RHS100x50x8,,,06iLtezST41xWlSrfqTCwH,,,,
,,,,Structural Framing,,,1,,,,By Type,,Default,,Rectangular Hollow Sections,Rectangular Hollow Sections: RHS100x50x8,,06iLtezST41xWlSrfqTDH0,,,,,,,2 m²,No,,0.00,,,,By Type,,,3PY_uWB3H86ALa01ZT$9jt,,,,,,Metal - Steel 50-355,77.0 kN/m³,,0.01 m³,,,,,RHS100x50x8,,,06iLtezST41xWlSrfqTCwH,,,,
,,,,Structural Framing,,,1,,,,By Type,,Default,,Rectangular Hollow Sections,Rectangular Hollow Sections: RHS100x50x8,,06iLtezST41xWlSrfqTDH3,,,,,,,2 m²,No,,0.00,,,,By Type,,,3PY_uWB3H86ALa01ZT$9jt,,,,,,Metal - Steel 50-355,77.0 kN/m³,,0.01 m³,,,,,RHS100x50x8,,,06iLtezST41xWlSrfqTCwH,,,,
,,,,Structural Framing,,,1,,,,By Type,,Default,,Rectangular Hollow Sections,Rectangular Hollow Sections: RHS100x50x8,,06iLtezST41xWlSrfqTDH2,,,,,,,2 m²,No,,0.00,,,,By Type,,,3PY_uWB3H86ALa01ZT$9jt,,,,,,Metal - Steel 50-355,77.0 kN/m³,,0.01 m³,,,,,RHS100x50x8,,,06iLtezST41xWlSrfqTCwH,,,,
,,,,Structural Framing,,,1,,,,By Type,,Default,,Rectangular Hollow Sections,Rectangular Hollow Sections: RHS100x50x8,,06iLtezST41xWlSrfqTDGz,,,,,,,2 m²,No,,0.00,,,,By Type,,,3PY_uWB3H86ALa01ZT$9jt,,,,,,Metal - Steel 50-355,77.0 kN/m³,,0.01 m³,,,,,RHS100x50x8,,,06iLtezST41xWlSrfqTCwH,,,,
,,,,Structural Framing,,,1,,,,By Type,,Default,,Rectangular Hollow Sections,Rectangular Hollow Sections: RHS100x50x8,,06iLtezST41xWlSrfqTDGy,,,,,,,2 m²,No,,0.00,,,,By Type,,,3PY_uWB3H86ALa01ZT$9jt,,,,,,Metal - Steel 50-355,77.0 kN/m³,,0.01 m³,,,,,RHS100x50x8,,,06iLtezST41xWlSrfqTCwH,,,,
,,,,Structural Framing,,,1,,,,By Type,,Default,,Rectangular Hollow Sections,Rectangular Hollow Sections: RHS100x50x8,,06iLtezST41xWlSrfqTDG$,,,,,,,2 m²,No,,0.00,,,,By Type,,,3PY_uWB3H86ALa01ZT$9jt,,,,,,Metal - Steel 50-355,77.0 kN/m³,,0.01 m³,,,,,RHS100x50x8,,,06iLtezST41xWlSrfqTCwH,,,,
,,,,Structural Framing,,,1,,,,By Type,,Default,,Rectangular Hollow Sections,Rectangular Hollow Sections: RHS100x50x8,,06iLtezST41xWlSrfqTDG_,,,,,,,2 m²,No,,0.00,,,,By Type,,,3PY_uWB3H86ALa01ZT$9jt,,,,,,Metal - Steel 50-355,77.0 kN/m³,,0.01 m³,,,,,RHS100x50x8,,,06iLtezST41xWlSrfqTCwH,,,,
,,,,Structural Framing,,,1,,,,By Type,,Default,,Rectangular Hollow Sections,Rectangular Hollow Sections: RHS100x50x8,,06iLtezST41xWlSrfqTDGv,,,,,,,2 m²,No,,0.00,,,,By Type,,,3PY_uWB3H86ALa01ZT$9jt,,,,,,Metal - Steel 50-355,77.0 kN/m³,,0.01 m³,,,,,RHS100x50x8,,,06iLtezST41xWlSrfqTCwH,,,,
,,,,Structural Framing,,,1,,,,By Type,,Default,,Rectangular Hollow Sections,Rectangular Hollow Sections: RHS100x50x8,,06iLtezST41xWlSrfqTDGu,,,,,,,2 m²,No,,0.00,,,,By Type,,,3PY_uWB3H86ALa01ZT$9jt,,,,,,Metal - Steel 50-355,77.0 kN/m³,,0.01 m³,,,,,RHS100x50x8,,,06iLtezST41xWlSrfqTCwH,,,,
,,,,Structural Framing,,,1,,,,By Type,,Default,,Rectangular Hollow Sections,Rectangular Hollow Sections: RHS100x50x8,,06iLtezST41xWlSrfqTDGx,,,,,,,2 m²,No,,0.00,,,,By Type,,,3PY_uWB3H86ALa01ZT$9jt,,,,,,Metal - Steel 50-355,77.0 kN/m³,,0.01 m³,,,,,RHS100x50x8,,,06iLtezST41xWlSrfqTCwH,,,,
,,,,Structural Framing,,,1,,,,By Type,,Default,,Rectangular Hollow Sections,Rectangular Hollow Sections: RHS100x50x8,,06iLtezST41xWlSrfqTDGj,,,,,,,2 m²,No,,0.00,,,,By Type,,,3PY_uWB3H86ALa01ZT$9jt,,,,,,Metal - Steel 50-355,77.0 kN/m³,,0.01 m³,,,,,RHS100x50x8,,,06iLtezST41xWlSrfqTCwH,,,,
,,,,Structural Framing,,,1,,,,By Type,,Default,,Rectangular Hollow Sections,Rectangular Hollow Sections: RHS100x50x8,,06iLtezST41xWlSrfqTDGi,,,,,,,2 m²,No,,0.00,,,,By Type,,,3PY_uWB3H86ALa01ZT$9jt,,,,,,Metal - Steel 50-355,77.0 kN/m³,,0.01 m³,,,,,RHS100x50x8,,,06iLtezST41xWlSrfqTCwH,,,,
,,,,Structural Framing,,,1,,,,By Type,,Default,,Rectangular Hollow Sections,Rectangular Hollow Sections: RHS100x50x8,,06iLtezST41xWlSrfqTDGl,,,,,,,2 m²,No,,0.00,,,,By Type,,,3PY_uWB3H86ALa01ZT$9jt,,,,,,Metal - Steel 50-355,77.0 kN/m³,,0.01 m³,,,,,RHS100x50x8,,,06iLtezST41xWlSrfqTCwH,,,,
,,,,Structural Framing,,,1,,,,By Type,,Default,,Rectangular Hollow Sections,Rectangular Hollow Sections: RHS100x50x8,,06iLtezST41xWlSrfqTDGk,,,,,,,2 m²,No,,0.00,,,,By Type,,,3PY_uWB3H86ALa01ZT$9jt,,,,,,Metal - Steel 50-355,77.0 kN/m³,,0.01 m³,,,,,RHS100x50x8,,,06iLtezST41xWlSrfqTCwH,,,,
,,,,Structural Framing,,,1,,,,By Type,,Default,,Rectangular Hollow Sections,Rectangular Hollow Sections: RHS100x50x8,,06iLtezST41xWlSrfqTDGf,,,,,,,2 m²,No,,0.00,,,,By Type,,,3PY_uWB3H86ALa01ZT$9jt,,,,,,Metal - Steel 50-355,77.0 kN/m³,,0.01 m³,,,,,RHS100x50x8,,,06iLtezST41xWlSrfqTCwH,,,,
,,,,Structural Framing,,,1,,,,By Type,,Default,,Rectangular Hollow Sections,Rectangular Hollow Sections: RHS100x50x8,,06iLtezST41xWlSrfqTDGe,,,,,,,2 m²,No,,0.00,,,,By Type,,,3PY_uWB3H86ALa01ZT$9jt,,,,,,Metal - Steel 50-355,77.0 kN/m³,,0.01 m³,,,,,RHS100x50x8,,,06iLtezST41xWlSrfqTCwH,,,,
,,,,Structural Framing,,,1,,,,By Type,,Default,,Rectangular Hollow Sections,Rectangular Hollow Sections: RHS100x50x8,,06iLtezST41xWlSrfqTDGh,,,,,,,2 m²,No,,0.00,,,,By Type,,,3PY_uWB3H86ALa01ZT$9jt,,,,,,Metal - Steel 50-355,77.0 kN/m³,,0.01 m³,,,,,RHS100x50x8,,,06iLtezST41xWlSrfqTCwH,,,,
,,,,Structural Framing,,,1,,,,By Type,,Default,,Rectangular Hollow Sections,Rectangular Hollow Sections: RHS100x50x8,,06iLtezST41xWlSrfqTDGg,,,,,,,2 m²,No,,0.00,,,,By Type,,,3PY_uWB3H86ALa01ZT$9jt,,,,,,Metal - Steel 50-355,77.0 kN/m³,,0.01 m³,,,,,RHS100x50x8,,,06iLtezST41xWlSrfqTCwH,,,,
,,,,Structural Framing,,,1,,,,By Type,,Default,,Rectangular Hollow Sections,Rectangular Hollow Sections: RHS100x50x8,,06iLtezST41xWlSrfqTDGb,,,,,,,2 m²,No,,0.00,,,,By Type,,,3PY_uWB3H86ALa01ZT$9jt,,,,,,Metal - Steel 50-355,77.0 kN/m³,,0.01 m³,,,,,RHS100x50x8,,,06iLtezST41xWlSrfqTCwH,,,,
,,,,Structural Framing,,,1,,,,By Type,,Default,,Rectangular Hollow Sections,Rectangular Hollow Sections: RHS100x50x8,,06iLtezST41xWlSrfqTDGa,,,,,,,2 m²,No,,0.00,,,,By Type,,,3PY_uWB3H86ALa01ZT$9jt,,,,,,Metal - Steel 50-355,77.0 kN/m³,,0.01 m³,,,,,RHS100x50x8,,,06iLtezST41xWlSrfqTCwH,,,,
,,,,Structural Framing,,,1,,,,By Type,,Default,,Rectangular Hollow Sections,Rectangular Hollow Sections: RHS100x50x8,,06iLtezST41xWlSrfqTDGd,,,,,,,2 m²,No,,0.00,,,,By Type,,,3PY_uWB3H86ALa01ZT$9jt,,,,,,Metal - Steel 50-355,77.0 kN/m³,,0.01 m³,,,,,RHS100x50x8,,,06iLtezST41xWlSrfqTCwH,,,,
,,,,Structural Framing,,,1,,,,By Type,,Default,,Rectangular Hollow Sections,Rectangular Hollow Sections: RHS100x50x8,,06iLtezST41xWlSrfqTDGO,,,,,,,2 m²,No,,0.00,,,,By Type,,,3PY_uWB3H86ALa01ZT$9jt,,,,,,Metal - Steel 50-355,77.0 kN/m³,,0.01 m³,,,,,RHS100x50x8,,,06iLtezST41xWlSrfqTCwH,,,,
,,,,Structural Framing,,,1,,,,By Type,,Default,,Rectangular Hollow Sections,Rectangular Hollow Sections: RHS100x50x8,,06iLtezST41xWlSrfqTDGR,,,,,,,2 m²,No,,0.00,,,,By Type,,,3PY_uWB3H86ALa01ZT$9jt,,,,,,Metal - Steel 50-355,77.0 kN/m³,,0.01 m³,,,,,RHS100x50x8,,,06iLtezST41xWlSrfqTCwH,,,,
,,,,Structural Framing,,,1,,,,By Type,,Default,,Rectangular Hollow Sections,Rectangular Hollow Sections: RHS100x50x8,,06iLtezST41xWlSrfqTDGQ,,,,,,,2 m²,No,,0.00,,,,By Type,,,3PY_uWB3H86ALa01ZT$9jt,,,,,,Metal - Steel 50-355,77.0 kN/m³,,0.01 m³,,,,,RHS100x50x8,,,06iLtezST41xWlSrfqTCwH,,,,
,,,,Structural Framing,,,1,,,,By Type,,Default,,Rectangular Hollow Sections,Rectangular Hollow Sections: RHS100x50x8,,06iLtezST41xWlSrfqTDGL,,,,,,,2 m²,No,,0.00,,,,By Type,,,3PY_uWB3H86ALa01ZT$9jt,,,,,,Metal - Steel 50-355,77.0 kN/m³,,0.01 m³,,,,,RHS100x50x8,,,06iLtezST41xWlSrfqTCwH,,,,
,,,,Structural Framing,,,1,,,,By Type,,Default,,Rectangular Hollow Sections,Rectangular Hollow Sections: RHS100x50x8,,06iLtezST41xWlSrfqTDGK,,,,,,,2 m²,No,,0.00,,,,By Type,,,3PY_uWB3H86ALa01ZT$9jt,,,,,,Metal - Steel 50-355,77.0 kN/m³,,0.01 m³,,,,,RHS100x50x8,,,06iLtezST41xWlSrfqTCwH,,,,
,,,,Structural Framing,,,1,,,,By Type,,Default,,Rectangular Hollow Sections,Rectangular Hollow Sections: RHS100x50x8,,06iLtezST41xWlSrfqTDGN,,,,,,,2 m²,No,,0.00,,,,By Type,,,3PY_uWB3H86ALa01ZT$9jt,,,,,,Metal - Steel 50-355,77.0 kN/m³,,0.01 m³,,,,,RHS100x50x8,,,06iLtezST41xWlSrfqTCwH,,,,
,,,,Structural Framing,,,1,,,,By Type,,Default,,Rectangular Hollow Sections,Rectangular Hollow Sections: RHS100x50x8,,06iLtezST41xWlSrfqTDGM,,,,,,,2 m²,No,,0.00,,,,By Type,,,3PY_uWB3H86ALa01ZT$9jt,,,,,,Metal - Steel 50-355,77.0 kN/m³,,0.01 m³,,,,,RHS100x50x8,,,06iLtezST41xWlSrfqTCwH,,,,
,,,,Structural Framing,,,1,,,,By Type,,Default,,Rectangular Hollow Sections,Rectangular Hollow Sections: RHS100x50x8,,06iLtezST41xWlSrfqTDGH,,,,,,,2 m²,No,,0.00,,,,By Type,,,3PY_uWB3H86ALa01ZT$9jt,,,,,,Metal - Steel 50-355,77.0 kN/m³,,0.01 m³,,,,,RHS100x50x8,,,06iLtezST41xWlSrfqTCwH,,,,
,,,,Structural Framing,,,1,,,,By Type,,Default,,Rectangular Hollow Sections,Rectangular Hollow Sections: RHS100x50x8,,06iLtezST41xWlSrfqTDGG,,,,,,,2 m²,No,,0.00,,,,By Type,,,3PY_uWB3H86ALa01ZT$9jt,,,,,,Metal - Steel 50-355,77.0 kN/m³,,0.01 m³,,,,,RHS100x50x8,,,06iLtezST41xWlSrfqTCwH,,,,
,,,,Structural Framing,,,1,,,,By Type,,Default,,Rectangular Hollow Sections,Rectangular Hollow Sections: RHS100x50x8,,06iLtezST41xWlSrfqTDGJ,,,,,,,2 m²,No,,0.00,,,,By Type,,,3PY_uWB3H86ALa01ZT$9jt,,,,,,Metal - Steel 50-355,77.0 kN/m³,,0.01 m³,,,,,RHS100x50x8,,,06iLtezST41xWlSrfqTCwH,,,,
,,,,Structural Framing,,,1,,,,By Type,,Default,,Rectangular Hollow Sections,Rectangular Hollow Sections: RHS100x50x8,,06iLtezST41xWlSrfqTDGI,,,,,,,2 m²,No,,0.00,,,,By Type,,,3PY_uWB3H86ALa01ZT$9jt,,,,,,Metal - Steel 50-355,77.0 kN/m³,,0.01 m³,,,,,RHS100x50x8,,,06iLtezST41xWlSrfqTCwH,,,,
,,,,Walls,,,1,,,,By Type,,Default,,Basic Wall,Basic Wall: Generic - 200mm,,06iLtezST41xWlSrfqTD1d,,,,,,,11 m²,No,,0.00,,,,By Type,,,1w2kgyXAD2C9c7QsT4npT3,,,,,,Default Wall,0.0 kN/m³,,2.13 m³,,,,,Generic - 200mm,,,1w2kgyXAD2C9c7QsT4npDE,,,,
,,,,Walls,,,1,,,,By Type,,Default,,Basic Wall,Basic Wall: Generic - 200mm,,06iLtezST41xWlSrfqTD3O,,,,,,,6 m²,No,,0.00,,,,By Type,,,1w2kgyXAD2C9c7QsT4npT3,,,,,,Default Wall,0.0 kN/m³,,1.28 m³,,,,,Generic - 200mm,,,1w2kgyXAD2C9c7QsT4npDE,,,,
,,,,Walls,,,1,,,,By Type,,Default,,Basic Wall,Basic Wall: Generic - 200mm,,06iLtezST41xWlSrfqTD9v,,,,,,,6 m²,No,,0.00,,,,By Type,,,1w2kgyXAD2C9c7QsT4npT3,,,,,,Default Wall,0.0 kN/m³,,1.26 m³,,,,,Generic - 200mm,,,1w2kgyXAD2C9c7QsT4npDE,,,,
,,,,Walls,,,1,,,,By Type,,Default,,Basic Wall,Basic Wall: Generic - 200mm,,06iLtezST41xWlSrfqTDAX,,,,,,,11 m²,No,,0.00,,,,By Type,,,1w2kgyXAD2C9c7QsT4npT3,,,,,,Default Wall,0.0 kN/m³,,2.13 m³,,,,,Generic - 200mm,,,1w2kgyXAD2C9c7QsT4npDE,,,,
,,,,Walls,,,1,,,,By Type,,Default,,Basic Wall,Basic Wall: Generic - 200mm,,06iLtezST41xWlSrfqTDAW,,,,,,,6 m²,No,,0.00,,,,By Type,,,1w2kgyXAD2C9c7QsT4npT3,,,,,,Default Wall,0.0 kN/m³,,1.26 m³,,,,,Generic - 200mm,,,1w2kgyXAD2C9c7QsT4npDE,,,,
,,,,Walls,,,1,,,,By Type,,Default,,Basic Wall,Basic Wall: Generic - 200mm,,06iLtezST41xWlSrfqTDAZ,,,,,,,6 m²,No,,0.00,,,,By Type,,,1w2kgyXAD2C9c7QsT4npT3,,,,,,Default Wall,0.0 kN/m³,,1.26 m³,,,,,Generic - 200mm,,,1w2kgyXAD2C9c7QsT4npDE,,,,
,,,,Structural Foundations,,,1,,,,By Type,,Default,,Wall Foundation,Wall Foundation: Bearing Footing - 900 x 300,,2GHP385Sr8Pf0uAasnnhDQ,,,,,,,6 m²,No,,0.00,Concrete 15 MPa,,,By Type,,,1w2kgyXAD2C9c7QsT4np4w,,,,,,Concrete, Cast-in-Place - C15,23.6 kN/m³,,0.67 m³,,,,,Bearing Footing - 900 x 300,,,1tDIO9tBn5ehhxgEELJQ53,,,,
,,,,Structural Foundations,,,1,,,,By Type,,Default,,Wall Foundation,Wall Foundation: Bearing Footing - 900 x 300,,2GHP385Sr8Pf0uAasnnhEl,,,,,,,10 m²,No,,0.00,Concrete 15 MPa,,,By Type,,,1w2kgyXAD2C9c7QsT4np4w,,,,,,Concrete, Cast-in-Place - C15,23.6 kN/m³,,1.05 m³,,,,,Bearing Footing - 900 x 300,,,1tDIO9tBn5ehhxgEELJQ53,,,,
,,,,Structural Foundations,,,1,,,,By Type,,Default,,Wall Foundation,Wall Foundation: Bearing Footing - 900 x 300,,2GHP385Sr8Pf0uAasnnhEv,,,,,,,4 m²,No,,0.00,Concrete 15 MPa,,,By Type,,,1w2kgyXAD2C9c7QsT4np4w,,,,,,Concrete, Cast-in-Place - C15,23.6 kN/m³,,0.42 m³,,,,,Bearing Footing - 900 x 300,,,1tDIO9tBn5ehhxgEELJQ53,,,,
,,,,Structural Foundations,,,1,,,,By Type,,Default,,Wall Foundation,Wall Foundation: Bearing Footing - 900 x 300,,2GHP385Sr8Pf0uAasnnhEA,,,,,,,6 m²,No,,0.00,Concrete 15 MPa,,,By Type,,,1w2kgyXAD2C9c7QsT4np4w,,,,,,Concrete, Cast-in-Place - C15,23.6 kN/m³,,0.66 m³,,,,,Bearing Footing - 900 x 300,,,1tDIO9tBn5ehhxgEELJQ53,,,,
,,,,Structural Foundations,,,1,,,,By Type,,Default,,Wall Foundation,Wall Foundation: Bearing Footing - 900 x 300,,2GHP385Sr8Pf0uAasnnhET,,,,,,,10 m²,No,,0.00,Concrete 15 MPa,,,By Type,,,1w2kgyXAD2C9c7QsT4np4w,,,,,,Concrete, Cast-in-Place - C15,23.6 kN/m³,,1.05 m³,,,,,Bearing Footing - 900 x 300,,,1tDIO9tBn5ehhxgEELJQ53,,,,
,,,,Structural Foundations,,,1,,,,By Type,,Default,,Wall Foundation,Wall Foundation: Bearing Footing - 900 x 300,,2GHP385Sr8Pf0uAasnnhFk,,,,,,,4 m²,No,,0.00,Concrete 15 MPa,,,By Type,,,1w2kgyXAD2C9c7QsT4np4w,,,,,,Concrete, Cast-in-Place - C15,23.6 kN/m³,,0.42 m³,,,,,Bearing Footing - 900 x 300,,,1tDIO9tBn5ehhxgEELJQ53,,,,
